This is XeTeX, Version 3.141592653-2.6-0.999997 (TeX Live 2025) (preloaded format=xelatex 2025.11.14)  24 DEC 2025 12:02
entering extended mode
 restricted \write18 enabled.
 %&-line parsing enabled.
**main.tex
(./main.tex
LaTeX2e <2024-11-01> patch level 2
L3 programming layer <2025-01-18>
(/usr/local/texlive/2025/texmf-dist/tex/latex/extsizes/extarticle.cls
Document Class: extarticle 1996/10/08 v1.0 Non Standard LaTeX document class
(/usr/local/texlive/2025/texmf-dist/tex/latex/extsizes/size14.clo
File: size14.clo 1999/11/11 v1.4a NON-Standard LaTeX file (size option)
)
(/usr/local/texlive/2025/texmf-dist/tex/latex/base/exscale.sty
Package: exscale 2018/09/24 v2.1i Standard LaTeX package exscale
LaTeX Font Info:    Redeclaring symbol font `largesymbols' on input line 57.
LaTeX Font Info:    Overwriting symbol font `largesymbols' in version `normal'
(Font)                  OMX/cmex/m/n --> OMX/cmex/m/n on input line 57.
LaTeX Font Info:    Overwriting symbol font `largesymbols' in version `bold'
(Font)                  OMX/cmex/m/n --> OMX/cmex/m/n on input line 57.
\big@size=\dimen141
)
\c@part=\count192
\c@section=\count193
\c@subsection=\count194
\c@subsubsection=\count195
\c@paragraph=\count196
\c@subparagraph=\count197
\c@figure=\count198
\c@table=\count199
\abovecaptionskip=\skip49
\belowcaptionskip=\skip50
\bibindent=\dimen142
)
(/usr/local/texlive/2025/texmf-dist/tex/latex/base/inputenc.sty
Package: inputenc 2024/02/08 v1.3d Input encoding file
\inpenc@prehook=\toks17
\inpenc@posthook=\toks18


Package inputenc Warning: inputenc package ignored with utf8 based engines.

) (/usr/local/texlive/2025/texmf-dist/tex/generic/babel/babel.sty
Package: babel 2025/02/14 v25.4 The multilingual framework for pdfLaTeX, LuaLaT
eX and XeLaTeX
\babel@savecnt=\count266
\U@D=\dimen143
\l@unhyphenated=\language90

(/usr/local/texlive/2025/texmf-dist/tex/generic/babel/xebabel.def)
\bbl@readstream=\read2
\bbl@dirlevel=\count267

(/usr/local/texlive/2025/texmf-dist/tex/generic/babel-czech/czech.ldf
Language: czech 2008/07/06 v3.1a Czech support from the babel system
Package babel Info: Making " an active character on input line 172.
\cs@wordlen=\count268
Package babel Info: Making - an active character on input line 226.
))
(/usr/local/texlive/2025/texmf-dist/tex/generic/babel/locale/cs/babel-czech.tex
Package babel Info: Importing font and identification data for czech
(babel)             from babel-cs.ini. Reported on input line 11.
) (/usr/local/texlive/2025/texmf-dist/tex/latex/base/fontenc.sty
Package: fontenc 2021/04/29 v2.0v Standard LaTeX package
LaTeX Font Info:    Trying to load font information for T1+lmr on input line 11
6.

(/usr/local/texlive/2025/texmf-dist/tex/latex/lm/t1lmr.fd
File: t1lmr.fd 2015/05/01 v1.6.1 Font defs for Latin Modern
))
(/usr/local/texlive/2025/texmf-dist/tex/latex/comment/comment.sty
\CommentStream=\write3

Excluding comment 'comment')
(/usr/local/texlive/2025/texmf-dist/tex/latex/etoolbox/etoolbox.sty
Package: etoolbox 2025/02/11 v2.5l e-TeX tools for LaTeX (JAW)
\etb@tempcnta=\count269
)
(/usr/local/texlive/2025/texmf-dist/tex/latex/base/ifthen.sty
Package: ifthen 2024/03/16 v1.1e Standard LaTeX ifthen package (DPC)
)
(/usr/local/texlive/2025/texmf-dist/tex/latex/trimspaces/trimspaces.sty
Package: trimspaces 2009/09/17 v1.1 Trim spaces around a token list
)
(/usr/local/texlive/2025/texmf-dist/tex/latex/tools/calc.sty
Package: calc 2023/07/08 v4.3 Infix arithmetic (KKT,FJ)
\calc@Acount=\count270
\calc@Bcount=\count271
\calc@Adimen=\dimen144
\calc@Bdimen=\dimen145
\calc@Askip=\skip51
\calc@Bskip=\skip52
LaTeX Info: Redefining \setlength on input line 80.
LaTeX Info: Redefining \addtolength on input line 81.
\calc@Ccount=\count272
\calc@Cskip=\skip53
)
(/usr/local/texlive/2025/texmf-dist/tex/latex/datatool/datatool.sty
Package: datatool 2025/03/05 v3.0.1 (NLCT)

(/usr/local/texlive/2025/texmf-dist/tex/latex/xfor/xfor.sty
Package: xfor 2009/02/05 v1.05 (NLCT)
)
(/usr/local/texlive/2025/texmf-dist/tex/latex/tracklang/tracklang.sty
Package: tracklang 2025/03/04 v1.6.5 (NLCT) Track Languages

(/usr/local/texlive/2025/texmf-dist/tex/generic/tracklang/tracklang.tex))
(/usr/local/texlive/2025/texmf-dist/tex/latex/datatool/datatool-base.sty
Package: datatool-base 2025/03/05 v3.0.1 (NLCT)

(/usr/local/texlive/2025/texmf-dist/tex/latex/amsmath/amsmath.sty
Package: amsmath 2024/11/05 v2.17t AMS math features
\@mathmargin=\skip54

For additional information on amsmath, use the `?' option.
(/usr/local/texlive/2025/texmf-dist/tex/latex/amsmath/amstext.sty
Package: amstext 2021/08/26 v2.01 AMS text

(/usr/local/texlive/2025/texmf-dist/tex/latex/amsmath/amsgen.sty
File: amsgen.sty 1999/11/30 v2.0 generic functions
\@emptytoks=\toks19
\ex@=\dimen146
))
(/usr/local/texlive/2025/texmf-dist/tex/latex/amsmath/amsbsy.sty
Package: amsbsy 1999/11/29 v1.2d Bold Symbols
\pmbraise@=\dimen147
)
(/usr/local/texlive/2025/texmf-dist/tex/latex/amsmath/amsopn.sty
Package: amsopn 2022/04/08 v2.04 operator names
)
\inf@bad=\count273
LaTeX Info: Redefining \frac on input line 233.
\uproot@=\count274
\leftroot@=\count275
LaTeX Info: Redefining \overline on input line 398.
LaTeX Info: Redefining \colon on input line 409.
\classnum@=\count276
\DOTSCASE@=\count277
LaTeX Info: Redefining \ldots on input line 495.
LaTeX Info: Redefining \dots on input line 498.
LaTeX Info: Redefining \cdots on input line 619.
\Mathstrutbox@=\box52
\strutbox@=\box53
LaTeX Info: Redefining \big on input line 721.
LaTeX Info: Redefining \Big on input line 722.
LaTeX Info: Redefining \bigg on input line 723.
LaTeX Info: Redefining \Bigg on input line 724.
\big@size=\dimen148
LaTeX Font Info:    Redeclaring font encoding OML on input line 742.
LaTeX Font Info:    Redeclaring font encoding OMS on input line 743.
\macc@depth=\count278
LaTeX Info: Redefining \bmod on input line 904.
LaTeX Info: Redefining \pmod on input line 909.
LaTeX Info: Redefining \smash on input line 939.
LaTeX Info: Redefining \relbar on input line 969.
LaTeX Info: Redefining \Relbar on input line 970.
\c@MaxMatrixCols=\count279
\dotsspace@=\muskip17
\c@parentequation=\count280
\dspbrk@lvl=\count281
\tag@help=\toks20
\row@=\count282
\column@=\count283
\maxfields@=\count284
\andhelp@=\toks21
\eqnshift@=\dimen149
\alignsep@=\dimen150
\tagshift@=\dimen151
\tagwidth@=\dimen152
\totwidth@=\dimen153
\lineht@=\dimen154
\@envbody=\toks22
\multlinegap=\skip55
\multlinetaggap=\skip56
\mathdisplay@stack=\toks23
LaTeX Info: Redefining \[ on input line 2953.
LaTeX Info: Redefining \] on input line 2954.
)
(/usr/local/texlive/2025/texmf-dist/tex/latex/datatool/datatool-l3fp.def
File: datatool-l3fp.def 2025/03/05 v3.0.1 (NLCT)
)
\@dtl@toks=\toks24
\@dtl@tmpcount=\count285
\dtl@tmplength=\skip57
\l__datatool_measure_box=\box54
\dtl@sortresult=\count286

(/usr/local/texlive/2025/texmf-dist/tex/latex/datatool/datatool-utf8.ldf
File: datatool-utf8.ldf 2025/03/05 v3.0.1 (NLCT)
)
\@dtl@datatype=\count287
\l__datatool_tmpa_int=\count288
\l__datatool_tmpb_int=\count289
\l__datatool_tmpc_int=\count290
\l__datatool_tmpd_int=\count291
\l__datatool_count_int=\count292
\l__datatool_tmp_datatype_int=\count293
\l__datatool_tmpa_dim=\dimen155
\l__datatool_tmpb_dim=\dimen156
\c_datatool_unknown_int=\count294
\l__datatool_year_int=\count295
\l__datatool_month_int=\count296
\l__datatool_day_int=\count297
\l__datatool_hour_int=\count298
\l__datatool_minute_int=\count299
\l__datatool_second_int=\count300
\l__datatool_tzhour_int=\count301
\l__datatool_tzminute_int=\count302
\l__datatool_julian_int=\count303
\l__datatool_local_julian_int=\count304
\l__datatool_prefix_int=\count305
\l__datatool_suffix_int=\count306
\@dtl@foreach@level=\count307


Package tracklang Warning: No `datatool' support for dialect `czech'  on input 
line 9897.

\dtl@codeA=\count308
\dtl@codeB=\count309
)
\l__datatool_max_cols_int=\count310
\l__datatool_col_idx_int=\count311
\l__datatool_row_idx_int=\count312
\l__datatool_item_type_int=\count313
\l__datatool_action_column_int=\count314
\l__datatool_action_column_ii_int=\count315
\l__datatool_action_row_int=\count316
\l__datatool_action_row_ii_int=\count317
\l__datatool_action_type_int=\count318
\l__datatool_action_datum_round_int=\count319
\dtlcolumnnum=\count320
\dtlrownum=\count321
\@dtl@before=\toks25
\@dtl@after=\toks26
\@dtl@colhead=\toks27
\dtlcurrentrow=\toks28
\dtlbeforerow=\toks29
\dtlafterrow=\toks30
\l__datatool_map_data_max_cols_int=\count322
\l__datatool_map_data_edit_column_int=\count323
\dtlforeachlevel=\count324
\c@DTLrow=\count325
\c@DTLrowi=\count326
\c@DTLrowii=\count327
\c@DTLrowiii=\count328
\dtl@rowi=\count329
\dtl@rowii=\count330
\dtl@rowiii=\count331
\g__filtered_row_i_int=\count332
\g__filtered_row_ii_int=\count333
\g__filtered_row_iii_int=\count334
\@dtl@curi=\toks31
\@dtl@previ=\toks32
\@dtl@nexti=\toks33
\@dtl@curii=\toks34
\@dtl@previi=\toks35
\@dtl@nextii=\toks36
\@dtl@curiii=\toks37
\@dtl@previii=\toks38
\@dtl@nextiii=\toks39
\l_datatool_display_per_row_int=\count335
\l_datatool_display_tab_rows_int=\count336
\@dtl@toksA=\toks40
\@dtl@toksB=\toks41
\@dtl@elements=\count337
\__datatool_sort_data_sortcol_int=\count338
\__datatool_sort_data_grpcol_int=\count339
\dtl@omitlines=\count340
\l__datatool_line_int=\count341
) (/usr/local/texlive/2025/texmf-dist/tex/latex/tools/xspace.sty
Package: xspace 2014/10/28 v1.13 Space after command names (DPC,MH)
)
(/usr/local/texlive/2025/texmf-dist/tex/latex/xcolor/xcolor.sty
Package: xcolor 2024/09/29 v3.02 LaTeX color extensions (UK)

(/usr/local/texlive/2025/texmf-dist/tex/latex/graphics-cfg/color.cfg
File: color.cfg 2016/01/02 v1.6 sample color configuration
)
Package xcolor Info: Driver file: xetex.def on input line 274.

(/usr/local/texlive/2025/texmf-dist/tex/latex/graphics-def/xetex.def
File: xetex.def 2022/09/22 v5.0n Graphics/color driver for xetex
)
(/usr/local/texlive/2025/texmf-dist/tex/latex/graphics/mathcolor.ltx)
Package xcolor Info: Model `cmy' substituted by `cmy0' on input line 1349.
Package xcolor Info: Model `RGB' extended on input line 1365.
Package xcolor Info: Model `HTML' substituted by `rgb' on input line 1367.
Package xcolor Info: Model `Hsb' substituted by `hsb' on input line 1368.
Package xcolor Info: Model `tHsb' substituted by `hsb' on input line 1369.
Package xcolor Info: Model `HSB' substituted by `hsb' on input line 1370.
Package xcolor Info: Model `Gray' substituted by `gray' on input line 1371.
Package xcolor Info: Model `wave' substituted by `hsb' on input line 1372.
)
(/usr/local/texlive/2025/texmf-dist/tex/latex/float/float.sty
Package: float 2001/11/08 v1.3d Float enhancements (AL)
\c@float@type=\count342
\float@exts=\toks42
\float@box=\box55
\@float@everytoks=\toks43
\@floatcapt=\box56
)
(/usr/local/texlive/2025/texmf-dist/tex/latex/stackengine/stackengine.sty
Package: stackengine 2021/07/22 v4.11\ Stacking text and objects in convenient 
ways

(/usr/local/texlive/2025/texmf-dist/tex/generic/listofitems/listofitems.sty
(/usr/local/texlive/2025/texmf-dist/tex/generic/listofitems/listofitems.tex
\loi_cnt_foreach_nest=\count343
\loi_nestcnt=\count344
)
Package: listofitems 2024/03/09 v1.65 Grab items in lists using user-specified 
sep char (CT)
)
\c@@stackindex=\count345
\@boxshift=\skip58
\stack@tmplength=\skip59
\temp@stkl=\skip60
\@stackedboxwidth=\skip61
\@addedbox=\box57
\@anchorbox=\box58
\@insetbox=\box59
\se@backgroundbox=\box60
\stackedbox=\box61
\@centerbox=\box62
\c@ROWcellindex@=\count346
)
(/usr/local/texlive/2025/texmf-dist/tex/latex/chordbox/chordbox.sty
Package: chordbox 2019/04/14 v1.0 Minor improvement to documentation

(/usr/local/texlive/2025/texmf-dist/tex/latex/pgf/frontendlayer/tikz.sty
(/usr/local/texlive/2025/texmf-dist/tex/latex/pgf/basiclayer/pgf.sty
(/usr/local/texlive/2025/texmf-dist/tex/latex/pgf/utilities/pgfrcs.sty
(/usr/local/texlive/2025/texmf-dist/tex/generic/pgf/utilities/pgfutil-common.te
x
\pgfutil@everybye=\toks44
\pgfutil@tempdima=\dimen157
\pgfutil@tempdimb=\dimen158
)
(/usr/local/texlive/2025/texmf-dist/tex/generic/pgf/utilities/pgfutil-latex.def
\pgfutil@abb=\box63
) (/usr/local/texlive/2025/texmf-dist/tex/generic/pgf/utilities/pgfrcs.code.tex
(/usr/local/texlive/2025/texmf-dist/tex/generic/pgf/pgf.revision.tex)
Package: pgfrcs 2023-01-15 v3.1.10 (3.1.10)
))
Package: pgf 2023-01-15 v3.1.10 (3.1.10)

(/usr/local/texlive/2025/texmf-dist/tex/latex/pgf/basiclayer/pgfcore.sty
(/usr/local/texlive/2025/texmf-dist/tex/latex/graphics/graphicx.sty
Package: graphicx 2021/09/16 v1.2d Enhanced LaTeX Graphics (DPC,SPQR)

(/usr/local/texlive/2025/texmf-dist/tex/latex/graphics/keyval.sty
Package: keyval 2022/05/29 v1.15 key=value parser (DPC)
\KV@toks@=\toks45
)
(/usr/local/texlive/2025/texmf-dist/tex/latex/graphics/graphics.sty
Package: graphics 2024/08/06 v1.4g Standard LaTeX Graphics (DPC,SPQR)

(/usr/local/texlive/2025/texmf-dist/tex/latex/graphics/trig.sty
Package: trig 2023/12/02 v1.11 sin cos tan (DPC)
)
(/usr/local/texlive/2025/texmf-dist/tex/latex/graphics-cfg/graphics.cfg
File: graphics.cfg 2016/06/04 v1.11 sample graphics configuration
)
Package graphics Info: Driver file: xetex.def on input line 106.
)
\Gin@req@height=\dimen159
\Gin@req@width=\dimen160
)
(/usr/local/texlive/2025/texmf-dist/tex/latex/pgf/systemlayer/pgfsys.sty
(/usr/local/texlive/2025/texmf-dist/tex/generic/pgf/systemlayer/pgfsys.code.tex
Package: pgfsys 2023-01-15 v3.1.10 (3.1.10)
(/usr/local/texlive/2025/texmf-dist/tex/generic/pgf/utilities/pgfkeys.code.tex
\pgfkeys@pathtoks=\toks46
\pgfkeys@temptoks=\toks47

(/usr/local/texlive/2025/texmf-dist/tex/generic/pgf/utilities/pgfkeyslibraryfil
tered.code.tex
\pgfkeys@tmptoks=\toks48
))
\pgf@x=\dimen161
\pgf@y=\dimen162
\pgf@xa=\dimen163
\pgf@ya=\dimen164
\pgf@xb=\dimen165
\pgf@yb=\dimen166
\pgf@xc=\dimen167
\pgf@yc=\dimen168
\pgf@xd=\dimen169
\pgf@yd=\dimen170
\w@pgf@writea=\write4
\r@pgf@reada=\read3
\c@pgf@counta=\count347
\c@pgf@countb=\count348
\c@pgf@countc=\count349
\c@pgf@countd=\count350
\t@pgf@toka=\toks49
\t@pgf@tokb=\toks50
\t@pgf@tokc=\toks51
\pgf@sys@id@count=\count351

(/usr/local/texlive/2025/texmf-dist/tex/generic/pgf/systemlayer/pgf.cfg
File: pgf.cfg 2023-01-15 v3.1.10 (3.1.10)
)
Driver file for pgf: pgfsys-xetex.def

(/usr/local/texlive/2025/texmf-dist/tex/generic/pgf/systemlayer/pgfsys-xetex.de
f
File: pgfsys-xetex.def 2023-01-15 v3.1.10 (3.1.10)

(/usr/local/texlive/2025/texmf-dist/tex/generic/pgf/systemlayer/pgfsys-dvipdfmx
.def
File: pgfsys-dvipdfmx.def 2023-01-15 v3.1.10 (3.1.10)

(/usr/local/texlive/2025/texmf-dist/tex/generic/pgf/systemlayer/pgfsys-common-p
df.def
File: pgfsys-common-pdf.def 2023-01-15 v3.1.10 (3.1.10)
)
\pgfsys@objnum=\count352
)))
(/usr/local/texlive/2025/texmf-dist/tex/generic/pgf/systemlayer/pgfsyssoftpath.
code.tex
File: pgfsyssoftpath.code.tex 2023-01-15 v3.1.10 (3.1.10)
\pgfsyssoftpath@smallbuffer@items=\count353
\pgfsyssoftpath@bigbuffer@items=\count354
)
(/usr/local/texlive/2025/texmf-dist/tex/generic/pgf/systemlayer/pgfsysprotocol.
code.tex
File: pgfsysprotocol.code.tex 2023-01-15 v3.1.10 (3.1.10)
))
(/usr/local/texlive/2025/texmf-dist/tex/generic/pgf/basiclayer/pgfcore.code.tex
Package: pgfcore 2023-01-15 v3.1.10 (3.1.10)
(/usr/local/texlive/2025/texmf-dist/tex/generic/pgf/math/pgfmath.code.tex
(/usr/local/texlive/2025/texmf-dist/tex/generic/pgf/math/pgfmathutil.code.tex)
(/usr/local/texlive/2025/texmf-dist/tex/generic/pgf/math/pgfmathparser.code.tex
\pgfmath@dimen=\dimen171
\pgfmath@count=\count355
\pgfmath@box=\box64
\pgfmath@toks=\toks52
\pgfmath@stack@operand=\toks53
\pgfmath@stack@operation=\toks54
)
(/usr/local/texlive/2025/texmf-dist/tex/generic/pgf/math/pgfmathfunctions.code.
tex)
(/usr/local/texlive/2025/texmf-dist/tex/generic/pgf/math/pgfmathfunctions.basic
.code.tex)
(/usr/local/texlive/2025/texmf-dist/tex/generic/pgf/math/pgfmathfunctions.trigo
nometric.code.tex)
(/usr/local/texlive/2025/texmf-dist/tex/generic/pgf/math/pgfmathfunctions.rando
m.code.tex)
(/usr/local/texlive/2025/texmf-dist/tex/generic/pgf/math/pgfmathfunctions.compa
rison.code.tex)
(/usr/local/texlive/2025/texmf-dist/tex/generic/pgf/math/pgfmathfunctions.base.
code.tex)
(/usr/local/texlive/2025/texmf-dist/tex/generic/pgf/math/pgfmathfunctions.round
.code.tex)
(/usr/local/texlive/2025/texmf-dist/tex/generic/pgf/math/pgfmathfunctions.misc.
code.tex)
(/usr/local/texlive/2025/texmf-dist/tex/generic/pgf/math/pgfmathfunctions.integ
erarithmetics.code.tex)
(/usr/local/texlive/2025/texmf-dist/tex/generic/pgf/math/pgfmathcalc.code.tex)
(/usr/local/texlive/2025/texmf-dist/tex/generic/pgf/math/pgfmathfloat.code.tex
\c@pgfmathroundto@lastzeros=\count356
)) (/usr/local/texlive/2025/texmf-dist/tex/generic/pgf/math/pgfint.code.tex)
(/usr/local/texlive/2025/texmf-dist/tex/generic/pgf/basiclayer/pgfcorepoints.co
de.tex
File: pgfcorepoints.code.tex 2023-01-15 v3.1.10 (3.1.10)
\pgf@picminx=\dimen172
\pgf@picmaxx=\dimen173
\pgf@picminy=\dimen174
\pgf@picmaxy=\dimen175
\pgf@pathminx=\dimen176
\pgf@pathmaxx=\dimen177
\pgf@pathminy=\dimen178
\pgf@pathmaxy=\dimen179
\pgf@xx=\dimen180
\pgf@xy=\dimen181
\pgf@yx=\dimen182
\pgf@yy=\dimen183
\pgf@zx=\dimen184
\pgf@zy=\dimen185
)
(/usr/local/texlive/2025/texmf-dist/tex/generic/pgf/basiclayer/pgfcorepathconst
ruct.code.tex
File: pgfcorepathconstruct.code.tex 2023-01-15 v3.1.10 (3.1.10)
\pgf@path@lastx=\dimen186
\pgf@path@lasty=\dimen187
)
(/usr/local/texlive/2025/texmf-dist/tex/generic/pgf/basiclayer/pgfcorepathusage
.code.tex
File: pgfcorepathusage.code.tex 2023-01-15 v3.1.10 (3.1.10)
\pgf@shorten@end@additional=\dimen188
\pgf@shorten@start@additional=\dimen189
)
(/usr/local/texlive/2025/texmf-dist/tex/generic/pgf/basiclayer/pgfcorescopes.co
de.tex
File: pgfcorescopes.code.tex 2023-01-15 v3.1.10 (3.1.10)
\pgfpic=\box65
\pgf@hbox=\box66
\pgf@layerbox@main=\box67
\pgf@picture@serial@count=\count357
)
(/usr/local/texlive/2025/texmf-dist/tex/generic/pgf/basiclayer/pgfcoregraphicst
ate.code.tex
File: pgfcoregraphicstate.code.tex 2023-01-15 v3.1.10 (3.1.10)
\pgflinewidth=\dimen190
)
(/usr/local/texlive/2025/texmf-dist/tex/generic/pgf/basiclayer/pgfcoretransform
ations.code.tex
File: pgfcoretransformations.code.tex 2023-01-15 v3.1.10 (3.1.10)
\pgf@pt@x=\dimen191
\pgf@pt@y=\dimen192
\pgf@pt@temp=\dimen193
)
(/usr/local/texlive/2025/texmf-dist/tex/generic/pgf/basiclayer/pgfcorequick.cod
e.tex
File: pgfcorequick.code.tex 2023-01-15 v3.1.10 (3.1.10)
)
(/usr/local/texlive/2025/texmf-dist/tex/generic/pgf/basiclayer/pgfcoreobjects.c
ode.tex
File: pgfcoreobjects.code.tex 2023-01-15 v3.1.10 (3.1.10)
)
(/usr/local/texlive/2025/texmf-dist/tex/generic/pgf/basiclayer/pgfcorepathproce
ssing.code.tex
File: pgfcorepathprocessing.code.tex 2023-01-15 v3.1.10 (3.1.10)
)
(/usr/local/texlive/2025/texmf-dist/tex/generic/pgf/basiclayer/pgfcorearrows.co
de.tex
File: pgfcorearrows.code.tex 2023-01-15 v3.1.10 (3.1.10)
\pgfarrowsep=\dimen194
)
(/usr/local/texlive/2025/texmf-dist/tex/generic/pgf/basiclayer/pgfcoreshade.cod
e.tex
File: pgfcoreshade.code.tex 2023-01-15 v3.1.10 (3.1.10)
\pgf@max=\dimen195
\pgf@sys@shading@range@num=\count358
\pgf@shadingcount=\count359
)
(/usr/local/texlive/2025/texmf-dist/tex/generic/pgf/basiclayer/pgfcoreimage.cod
e.tex
File: pgfcoreimage.code.tex 2023-01-15 v3.1.10 (3.1.10)
)
(/usr/local/texlive/2025/texmf-dist/tex/generic/pgf/basiclayer/pgfcoreexternal.
code.tex
File: pgfcoreexternal.code.tex 2023-01-15 v3.1.10 (3.1.10)
\pgfexternal@startupbox=\box68
)
(/usr/local/texlive/2025/texmf-dist/tex/generic/pgf/basiclayer/pgfcorelayers.co
de.tex
File: pgfcorelayers.code.tex 2023-01-15 v3.1.10 (3.1.10)
)
(/usr/local/texlive/2025/texmf-dist/tex/generic/pgf/basiclayer/pgfcoretranspare
ncy.code.tex
File: pgfcoretransparency.code.tex 2023-01-15 v3.1.10 (3.1.10)
)
(/usr/local/texlive/2025/texmf-dist/tex/generic/pgf/basiclayer/pgfcorepatterns.
code.tex
File: pgfcorepatterns.code.tex 2023-01-15 v3.1.10 (3.1.10)
)
(/usr/local/texlive/2025/texmf-dist/tex/generic/pgf/basiclayer/pgfcorerdf.code.
tex
File: pgfcorerdf.code.tex 2023-01-15 v3.1.10 (3.1.10)
)))
(/usr/local/texlive/2025/texmf-dist/tex/generic/pgf/modules/pgfmoduleshapes.cod
e.tex
File: pgfmoduleshapes.code.tex 2023-01-15 v3.1.10 (3.1.10)
\pgfnodeparttextbox=\box69
)
(/usr/local/texlive/2025/texmf-dist/tex/generic/pgf/modules/pgfmoduleplot.code.
tex
File: pgfmoduleplot.code.tex 2023-01-15 v3.1.10 (3.1.10)
)
(/usr/local/texlive/2025/texmf-dist/tex/latex/pgf/compatibility/pgfcomp-version
-0-65.sty
Package: pgfcomp-version-0-65 2023-01-15 v3.1.10 (3.1.10)
\pgf@nodesepstart=\dimen196
\pgf@nodesepend=\dimen197
)
(/usr/local/texlive/2025/texmf-dist/tex/latex/pgf/compatibility/pgfcomp-version
-1-18.sty
Package: pgfcomp-version-1-18 2023-01-15 v3.1.10 (3.1.10)
))
(/usr/local/texlive/2025/texmf-dist/tex/latex/pgf/utilities/pgffor.sty
(/usr/local/texlive/2025/texmf-dist/tex/latex/pgf/utilities/pgfkeys.sty
(/usr/local/texlive/2025/texmf-dist/tex/generic/pgf/utilities/pgfkeys.code.tex)
) (/usr/local/texlive/2025/texmf-dist/tex/latex/pgf/math/pgfmath.sty
(/usr/local/texlive/2025/texmf-dist/tex/generic/pgf/math/pgfmath.code.tex))
(/usr/local/texlive/2025/texmf-dist/tex/generic/pgf/utilities/pgffor.code.tex
Package: pgffor 2023-01-15 v3.1.10 (3.1.10)
\pgffor@iter=\dimen198
\pgffor@skip=\dimen199
\pgffor@stack=\toks55
\pgffor@toks=\toks56
))
(/usr/local/texlive/2025/texmf-dist/tex/generic/pgf/frontendlayer/tikz/tikz.cod
e.tex
Package: tikz 2023-01-15 v3.1.10 (3.1.10)

(/usr/local/texlive/2025/texmf-dist/tex/generic/pgf/libraries/pgflibraryplothan
dlers.code.tex
File: pgflibraryplothandlers.code.tex 2023-01-15 v3.1.10 (3.1.10)
\pgf@plot@mark@count=\count360
\pgfplotmarksize=\dimen256
)
\tikz@lastx=\dimen257
\tikz@lasty=\dimen258
\tikz@lastxsaved=\dimen259
\tikz@lastysaved=\dimen260
\tikz@lastmovetox=\dimen261
\tikz@lastmovetoy=\dimen262
\tikzleveldistance=\dimen263
\tikzsiblingdistance=\dimen264
\tikz@figbox=\box70
\tikz@figbox@bg=\box71
\tikz@tempbox=\box72
\tikz@tempbox@bg=\box73
\tikztreelevel=\count361
\tikznumberofchildren=\count362
\tikznumberofcurrentchild=\count363
\tikz@fig@count=\count364

(/usr/local/texlive/2025/texmf-dist/tex/generic/pgf/modules/pgfmodulematrix.cod
e.tex
File: pgfmodulematrix.code.tex 2023-01-15 v3.1.10 (3.1.10)
\pgfmatrixcurrentrow=\count365
\pgfmatrixcurrentcolumn=\count366
\pgf@matrix@numberofcolumns=\count367
)
\tikz@expandcount=\count368

(/usr/local/texlive/2025/texmf-dist/tex/generic/pgf/frontendlayer/tikz/librarie
s/tikzlibrarytopaths.code.tex
File: tikzlibrarytopaths.code.tex 2023-01-15 v3.1.10 (3.1.10)
)))
(/usr/local/texlive/2025/texmf-dist/tex/latex/xifthen/xifthen.sty
Package: xifthen 2015/11/05 v1.4.0 Extended ifthen features

(/usr/local/texlive/2025/texmf-dist/tex/latex/ifmtarg/ifmtarg.sty
Package: ifmtarg 2018/04/16 v1.2b check for an empty argument
))
(/usr/local/texlive/2025/texmf-dist/tex/generic/xstring/xstring.sty
(/usr/local/texlive/2025/texmf-dist/tex/generic/xstring/xstring.tex
\xs_counta=\count369
\xs_countb=\count370
)
Package: xstring 2023/08/22 v1.86 String manipulations (CT)
)
(/usr/local/texlive/2025/texmf-dist/tex/generic/pgf/frontendlayer/tikz/librarie
s/tikzlibraryshapes.misc.code.tex
File: tikzlibraryshapes.misc.code.tex 2023-01-15 v3.1.10 (3.1.10)

(/usr/local/texlive/2025/texmf-dist/tex/generic/pgf/libraries/shapes/pgflibrary
shapes.misc.code.tex
File: pgflibraryshapes.misc.code.tex 2023-01-15 v3.1.10 (3.1.10)
))
(/usr/local/texlive/2025/texmf-dist/tex/generic/pgf/frontendlayer/tikz/librarie
s/tikzlibraryscopes.code.tex
File: tikzlibraryscopes.code.tex 2023-01-15 v3.1.10 (3.1.10)
)
(/usr/local/texlive/2025/texmf-dist/tex/generic/pgf/frontendlayer/tikz/librarie
s/tikzlibrarybackgrounds.code.tex
File: tikzlibrarybackgrounds.code.tex 2023-01-15 v3.1.10 (3.1.10)
\pgf@layerbox@background=\box74
\pgf@layerboxsaved@background=\box75
))
(/usr/local/texlive/2025/texmf-dist/tex/latex/multirow/multirow.sty
Package: multirow 2024/11/12 v2.9 Span multiple rows of a table
\multirow@colwidth=\skip62
\multirow@cntb=\count371
\multirow@dima=\skip63
\bigstrutjot=\dimen265
)
(/usr/local/texlive/2025/texmf-dist/tex/latex/fancyhdr/fancyhdr.sty
Package: fancyhdr 2025/02/07 v5.2 Extensive control of page headers and footers

\f@nch@headwidth=\skip64
\f@nch@offset@elh=\skip65
\f@nch@offset@erh=\skip66
\f@nch@offset@olh=\skip67
\f@nch@offset@orh=\skip68
\f@nch@offset@elf=\skip69
\f@nch@offset@erf=\skip70
\f@nch@offset@olf=\skip71
\f@nch@offset@orf=\skip72
\f@nch@height=\skip73
\f@nch@footalignment=\skip74
\f@nch@widthL=\skip75
\f@nch@widthC=\skip76
\f@nch@widthR=\skip77
\@temptokenb=\toks57
)
(/usr/local/texlive/2025/texmf-dist/tex/latex/tools/tabularx.sty
Package: tabularx 2023/12/11 v2.12a `tabularx' package (DPC)

(/usr/local/texlive/2025/texmf-dist/tex/latex/tools/array.sty
Package: array 2024/10/17 v2.6g Tabular extension package (FMi)
\col@sep=\dimen266
\ar@mcellbox=\box76
\extrarowheight=\dimen267
\NC@list=\toks58
\extratabsurround=\skip78
\backup@length=\skip79
\ar@cellbox=\box77
)
\TX@col@width=\dimen268
\TX@old@table=\dimen269
\TX@old@col=\dimen270
\TX@target=\dimen271
\TX@delta=\dimen272
\TX@cols=\count372
\TX@ftn=\toks59
)
(/usr/local/texlive/2025/texmf-dist/tex/latex/tools/multicol.sty
Package: multicol 2024/09/14 v1.9i multicolumn formatting (FMi)
\c@tracingmulticols=\count373
\mult@box=\box78
\multicol@leftmargin=\dimen273
\c@unbalance=\count374
\c@collectmore=\count375
\doublecol@number=\count376
\multicoltolerance=\count377
\multicolpretolerance=\count378
\full@width=\dimen274
\page@free=\dimen275
\premulticols=\dimen276
\postmulticols=\dimen277
\multicolsep=\skip80
\multicolbaselineskip=\skip81
\partial@page=\box79
\last@line=\box80
\mc@boxedresult=\box81
\maxbalancingoverflow=\dimen278
\mult@rightbox=\box82
\mult@grightbox=\box83
\mult@firstbox=\box84
\mult@gfirstbox=\box85
\@tempa=\box86
\@tempa=\box87
\@tempa=\box88
\@tempa=\box89
\@tempa=\box90
\@tempa=\box91
\@tempa=\box92
\@tempa=\box93
\@tempa=\box94
\@tempa=\box95
\@tempa=\box96
\@tempa=\box97
\@tempa=\box98
\@tempa=\box99
\@tempa=\box100
\@tempa=\box101
\@tempa=\box102
\@tempa=\box103
\@tempa=\box104
\@tempa=\box105
\@tempa=\box106
\@tempa=\box107
\@tempa=\box108
\@tempa=\box109
\@tempa=\box110
\@tempa=\box111
\@tempa=\box112
\@tempa=\box113
\@tempa=\box114
\@tempa=\box115
\@tempa=\box116
\@tempa=\box117
\@tempa=\box118
\@tempa=\box119
\@tempa=\box120
\@tempa=\box121
\c@minrows=\count379
\c@columnbadness=\count380
\c@finalcolumnbadness=\count381
\last@try=\dimen279
\multicolovershoot=\dimen280
\multicolundershoot=\dimen281
\mult@nat@firstbox=\box122
\colbreak@box=\box123
\mc@col@check@num=\count382
)
(/usr/local/texlive/2025/texmf-dist/tex/latex/l3packages/xparse/xparse.sty
(/usr/local/texlive/2025/texmf-dist/tex/latex/l3kernel/expl3.sty
Package: expl3 2025-01-18 L3 programming layer (loader) 

(/usr/local/texlive/2025/texmf-dist/tex/latex/l3backend/l3backend-xetex.def
File: l3backend-xetex.def 2024-05-08 L3 backend support: XeTeX
\g__graphics_track_int=\count383
\l__pdf_internal_box=\box124
\g__pdf_backend_annotation_int=\count384
\g__pdf_backend_link_int=\count385
))
Package: xparse 2024-08-16 L3 Experimental document command parser
)
(/usr/local/texlive/2025/texmf-dist/tex/latex/csquotes/csquotes.sty
Package: csquotes 2024-04-04 v5.2o context-sensitive quotations (JAW)
\csq@reset=\count386
\csq@gtype=\count387
\csq@glevel=\count388
\csq@qlevel=\count389
\csq@maxlvl=\count390
\csq@tshold=\count391
\csq@ltx@everypar=\toks60

(/usr/local/texlive/2025/texmf-dist/tex/latex/csquotes/csquotes.def
File: csquotes.def 2024-04-04 v5.2o csquotes generic definitions (JAW)
)
Package csquotes Info: Trying to load configuration file 'csquotes.cfg'...
Package csquotes Info: ... configuration file loaded successfully.

(/usr/local/texlive/2025/texmf-dist/tex/latex/csquotes/csquotes.cfg
File: csquotes.cfg 
))
(/usr/local/texlive/2025/texmf-dist/tex/latex/titlesec/titlesec.sty
Package: titlesec 2025/01/04 v2.17 Sectioning titles
\ttl@box=\box125
\beforetitleunit=\skip82
\aftertitleunit=\skip83
\ttl@plus=\dimen282
\ttl@minus=\dimen283
\ttl@toksa=\toks61
\titlewidth=\dimen284
\titlewidthlast=\dimen285
\titlewidthfirst=\dimen286
)
(/usr/local/texlive/2025/texmf-dist/tex/latex/titlesec/titletoc.sty
Package: titletoc 2025/01/04 v2.17 TOC entries
\ttl@leftsep=\dimen287
)
(/usr/local/texlive/2025/texmf-dist/tex/latex/censor/censor.sty
Package: censor 2023/06/05\ 4.3\ Provides capability for redaction of sensitive
 information

(/usr/local/texlive/2025/texmf-dist/tex/latex/pbox/pbox.sty
Package: pbox 2011/12/07 v1.2 Dynamic parboxes
\pb@xlen=\skip84
)
\censorruledepth=\skip85
\censorruleheight=\skip86

(/usr/local/texlive/2025/texmf-dist/tex/generic/tokcycle/tokcycle.sty
(/usr/local/texlive/2025/texmf-dist/tex/generic/tokcycle/tokcycle.tex
\tc@tok=\toks62
\tcdepth=\count392
\cytoks=\toks63
)
Package: tokcycle 2021/08/25 V1.42 Cycle through and transform a stream of toke
ns
))
(/usr/local/texlive/2025/texmf-dist/tex/latex/psnfss/pifont.sty
Package: pifont 2020/03/25 PSNFSS-v9.3 Pi font support (SPQR) 
LaTeX Font Info:    Trying to load font information for U+pzd on input line 63.


(/usr/local/texlive/2025/texmf-dist/tex/latex/psnfss/upzd.fd
File: upzd.fd 2001/06/04 font definitions for U/pzd.
)
LaTeX Font Info:    Trying to load font information for U+psy on input line 64.


(/usr/local/texlive/2025/texmf-dist/tex/latex/psnfss/upsy.fd
File: upsy.fd 2001/06/04 font definitions for U/psy.
))
(/usr/local/texlive/2025/texmf-dist/tex/latex/vcell/vcell.sty
Package: vcell 2021/04/30 v1.0.2
\rowheight=\dimen288
\rowht=\dimen289
\rowdp=\dimen290
\@cellcount=\count393
\@cellusecount=\count394
\@celltemp=\box126
)
(/usr/local/texlive/2025/texmf-dist/tex/latex/imakeidx/imakeidx.sty
Package: imakeidx 2016/10/15 v1.3e Package for typesetting indices in a synchro
nous mode

(/usr/local/texlive/2025/texmf-dist/tex/latex/xkeyval/xkeyval.sty
Package: xkeyval 2022/06/16 v2.9 package option processing (HA)

(/usr/local/texlive/2025/texmf-dist/tex/generic/xkeyval/xkeyval.tex
(/usr/local/texlive/2025/texmf-dist/tex/generic/xkeyval/xkvutils.tex
\XKV@toks=\toks64
\XKV@tempa@toks=\toks65
)
\XKV@depth=\count395
File: xkeyval.tex 2014/12/03 v2.7a key=value parser (HA)
))
(/usr/local/texlive/2025/texmf-dist/tex/generic/iftex/ifxetex.sty
Package: ifxetex 2019/10/25 v0.7 ifxetex legacy package. Use iftex instead.

(/usr/local/texlive/2025/texmf-dist/tex/generic/iftex/iftex.sty
Package: iftex 2024/12/12 v1.0g TeX engine tests
))
(/usr/local/texlive/2025/texmf-dist/tex/generic/iftex/ifluatex.sty
Package: ifluatex 2019/10/25 v1.5 ifluatex legacy package. Use iftex instead.
))
(/usr/local/texlive/2025/texmf-dist/tex/latex/fontspec/fontspec.sty
Package: fontspec 2024/05/11 v2.9e Font selection for XeLaTeX and LuaLaTeX

(/usr/local/texlive/2025/texmf-dist/tex/latex/fontspec/fontspec-xetex.sty
Package: fontspec-xetex 2024/05/11 v2.9e Font selection for XeLaTeX and LuaLaTe
X
\l__fontspec_script_int=\count396
\l__fontspec_language_int=\count397
\l__fontspec_strnum_int=\count398
\l__fontspec_tmp_int=\count399
\l__fontspec_tmpa_int=\count400
\l__fontspec_tmpb_int=\count401
\l__fontspec_tmpc_int=\count402
\l__fontspec_em_int=\count403
\l__fontspec_emdef_int=\count404
\l__fontspec_strong_int=\count405
\l__fontspec_strongdef_int=\count406
\l__fontspec_tmpa_dim=\dimen291
\l__fontspec_tmpb_dim=\dimen292
\l__fontspec_tmpc_dim=\dimen293

(/usr/local/texlive/2025/texmf-dist/tex/latex/base/fontenc.sty
Package: fontenc 2021/04/29 v2.0v Standard LaTeX package
)
(/usr/local/texlive/2025/texmf-dist/tex/latex/fontspec/fontspec.cfg)))
(/usr/local/texlive/2025/texmf-dist/tex/latex/addfont/addfont.sty
Package: addfont 2021/03/20 v. 1.1 Easier usage of fonts without LaTeX support.


(/usr/local/texlive/2025/texmf-dist/tex/latex/oberdiek/twoopt.sty
Package: twoopt 2016/05/16 v1.6 Definitions with two optional arguments (HO)
))
(/usr/local/texlive/2025/texmf-dist/tex/latex/yfonts/yfonts.sty
Package: yfonts 2019/04/04 v1.4 (WaS&NP)
LaTeX Info: Composite with undeclared \" in encoding LYG on input line 58.
)
(/usr/local/texlive/2025/texmf-dist/tex/latex/initials/Zallman.fd
File: Zallman.fd 2003/04/02 Font definition file for U/Zallman
)
(/usr/local/texlive/2025/texmf-dist/tex/latex/geometry/geometry.sty
Package: geometry 2020/01/02 v5.9 Page Geometry

(/usr/local/texlive/2025/texmf-dist/tex/generic/iftex/ifvtex.sty
Package: ifvtex 2019/10/25 v1.7 ifvtex legacy package. Use iftex instead.
)
\Gm@cnth=\count407
\Gm@cntv=\count408
\c@Gm@tempcnt=\count409
\Gm@bindingoffset=\dimen294
\Gm@wd@mp=\dimen295
\Gm@odd@mp=\dimen296
\Gm@even@mp=\dimen297
\Gm@layoutwidth=\dimen298
\Gm@layoutheight=\dimen299
\Gm@layouthoffset=\dimen300
\Gm@layoutvoffset=\dimen301
\Gm@dimlist=\toks66
)
(/usr/local/texlive/2025/texmf-dist/tex/latex/hyperref/hyperref.sty
Package: hyperref 2024-11-05 v7.01l Hypertext links for LaTeX

(/usr/local/texlive/2025/texmf-dist/tex/latex/kvsetkeys/kvsetkeys.sty
Package: kvsetkeys 2022-10-05 v1.19 Key value parser (HO)
)
(/usr/local/texlive/2025/texmf-dist/tex/generic/kvdefinekeys/kvdefinekeys.sty
Package: kvdefinekeys 2019-12-19 v1.6 Define keys (HO)
)
(/usr/local/texlive/2025/texmf-dist/tex/generic/pdfescape/pdfescape.sty
Package: pdfescape 2019/12/09 v1.15 Implements pdfTeX's escape features (HO)

(/usr/local/texlive/2025/texmf-dist/tex/generic/ltxcmds/ltxcmds.sty
Package: ltxcmds 2023-12-04 v1.26 LaTeX kernel commands for general use (HO)
)
(/usr/local/texlive/2025/texmf-dist/tex/generic/pdftexcmds/pdftexcmds.sty
Package: pdftexcmds 2020-06-27 v0.33 Utility functions of pdfTeX for LuaTeX (HO
)

(/usr/local/texlive/2025/texmf-dist/tex/generic/infwarerr/infwarerr.sty
Package: infwarerr 2019/12/03 v1.5 Providing info/warning/error messages (HO)
)
Package pdftexcmds Info: \pdf@primitive is available.
Package pdftexcmds Info: \pdf@ifprimitive is available.
Package pdftexcmds Info: \pdfdraftmode not found.
))
(/usr/local/texlive/2025/texmf-dist/tex/latex/hycolor/hycolor.sty
Package: hycolor 2020-01-27 v1.10 Color options for hyperref/bookmark (HO)
)
(/usr/local/texlive/2025/texmf-dist/tex/latex/hyperref/nameref.sty
Package: nameref 2023-11-26 v2.56 Cross-referencing by name of section

(/usr/local/texlive/2025/texmf-dist/tex/latex/refcount/refcount.sty
Package: refcount 2019/12/15 v3.6 Data extraction from label references (HO)
)
(/usr/local/texlive/2025/texmf-dist/tex/generic/gettitlestring/gettitlestring.s
ty
Package: gettitlestring 2019/12/15 v1.6 Cleanup title references (HO)
 (/usr/local/texlive/2025/texmf-dist/tex/latex/kvoptions/kvoptions.sty
Package: kvoptions 2022-06-15 v3.15 Key value format for package options (HO)
))
\c@section@level=\count410
)
(/usr/local/texlive/2025/texmf-dist/tex/generic/stringenc/stringenc.sty
Package: stringenc 2019/11/29 v1.12 Convert strings between diff. encodings (HO
)
)
\@linkdim=\dimen302
\Hy@linkcounter=\count411
\Hy@pagecounter=\count412

(/usr/local/texlive/2025/texmf-dist/tex/latex/hyperref/pd1enc.def
File: pd1enc.def 2024-11-05 v7.01l Hyperref: PDFDocEncoding definition (HO)
)
(/usr/local/texlive/2025/texmf-dist/tex/generic/intcalc/intcalc.sty
Package: intcalc 2019/12/15 v1.3 Expandable calculations with integers (HO)
)
\Hy@SavedSpaceFactor=\count413

(/usr/local/texlive/2025/texmf-dist/tex/latex/hyperref/puenc.def
File: puenc.def 2024-11-05 v7.01l Hyperref: PDF Unicode definition (HO)
)
Package hyperref Info: Hyper figures OFF on input line 4157.
Package hyperref Info: Link nesting OFF on input line 4162.
Package hyperref Info: Hyper index ON on input line 4165.
Package hyperref Info: Plain pages OFF on input line 4172.
Package hyperref Info: Backreferencing OFF on input line 4177.
Package hyperref Info: Implicit mode ON; LaTeX internals redefined.
Package hyperref Info: Bookmarks ON on input line 4424.
\c@Hy@tempcnt=\count414

(/usr/local/texlive/2025/texmf-dist/tex/latex/url/url.sty
\Urlmuskip=\muskip18
Package: url 2013/09/16  ver 3.4  Verb mode for urls, etc.
)
LaTeX Info: Redefining \url on input line 4763.
\XeTeXLinkMargin=\dimen303

(/usr/local/texlive/2025/texmf-dist/tex/generic/bitset/bitset.sty
Package: bitset 2019/12/09 v1.3 Handle bit-vector datatype (HO)

(/usr/local/texlive/2025/texmf-dist/tex/generic/bigintcalc/bigintcalc.sty
Package: bigintcalc 2019/12/15 v1.5 Expandable calculations on big integers (HO
)
))
\Fld@menulength=\count415
\Field@Width=\dimen304
\Fld@charsize=\dimen305
Package hyperref Info: Hyper figures OFF on input line 6042.
Package hyperref Info: Link nesting OFF on input line 6047.
Package hyperref Info: Hyper index ON on input line 6050.
Package hyperref Info: backreferencing OFF on input line 6057.
Package hyperref Info: Link coloring OFF on input line 6062.
Package hyperref Info: Link coloring with OCG OFF on input line 6067.
Package hyperref Info: PDF/A mode OFF on input line 6072.

(/usr/local/texlive/2025/texmf-dist/tex/latex/base/atbegshi-ltx.sty
Package: atbegshi-ltx 2021/01/10 v1.0c Emulation of the original atbegshi
package with kernel methods
)
\Hy@abspage=\count416
\c@Item=\count417
\c@Hfootnote=\count418
)
Package hyperref Info: Driver (autodetected): hxetex.

(/usr/local/texlive/2025/texmf-dist/tex/latex/hyperref/hxetex.def
File: hxetex.def 2024-11-05 v7.01l Hyperref driver for XeTeX
\pdfm@box=\box127
\c@Hy@AnnotLevel=\count419
\HyField@AnnotCount=\count420
\Fld@listcount=\count421
\c@bookmark@seq@number=\count422

(/usr/local/texlive/2025/texmf-dist/tex/latex/rerunfilecheck/rerunfilecheck.sty
Package: rerunfilecheck 2022-07-10 v1.10 Rerun checks for auxiliary files (HO)
(/usr/local/texlive/2025/texmf-dist/tex/latex/base/atveryend-ltx.sty
Package: atveryend-ltx 2020/08/19 v1.0a Emulation of the original atveryend pac
kage
with kernel methods
)
(/usr/local/texlive/2025/texmf-dist/tex/generic/uniquecounter/uniquecounter.sty
Package: uniquecounter 2019/12/15 v1.4 Provide unlimited unique counter (HO)
)
Package uniquecounter Info: New unique counter `rerunfilecheck' on input line 2
85.
)
\Hy@SectionHShift=\skip87
) (/usr/local/texlive/2025/texmf-dist/tex/latex/spectral/spectral.sty
Package: spectral 2022/09/27 (Bob Tennent and autoinst) Style file for Spectral
 fonts.

(/usr/local/texlive/2025/texmf-dist/tex/latex/base/textcomp.sty
Package: textcomp 2024/04/24 v2.1b Standard LaTeX package
)

Package fontspec Info: 
(fontspec)             Spectral-Regular scale = 1.


Package fontspec Info: 
(fontspec)             Spectral-Regular scale = 1.


Package fontspec Info: 
(fontspec)             Spectral-Regular scale = 1.


Package fontspec Info: 
(fontspec)             Spectral-Bold scale = 1.


Package fontspec Info: 
(fontspec)             Spectral-Bold scale = 1.


Package fontspec Info: 
(fontspec)             Spectral-Italic scale = 1.


Package fontspec Info: 
(fontspec)             Spectral-Italic scale = 1.


Package fontspec Info: 
(fontspec)             Spectral-BoldItalic scale = 1.


Package fontspec Info: 
(fontspec)             Spectral-BoldItalic scale = 1.


Package fontspec Info: 
(fontspec)             Font family 'Spectral(0)' created for font 'Spectral'
(fontspec)             with options [Ligatures = TeX,Scale =
(fontspec)             1,SmallCapsFeatures={},Extension =
(fontspec)             .ttf,Ligatures=TeX,Numbers =
(fontspec)             {Monospaced,Lining},UprightFont = *-Regular,ItalicFont
(fontspec)             = *-Italic,BoldFont = *-Bold,BoldItalicFont =
(fontspec)             *-BoldItalic].
(fontspec)              
(fontspec)              This font family consists of the following NFSS
(fontspec)             series/shapes:
(fontspec)              
(fontspec)             - 'normal' (m/n) with NFSS spec.:
(fontspec)             <->s*[1]"[Spectral-Regular.ttf]/OT:script=latn;language=
dflt;+tnum;+lnum;mapping=tex-text;"
(fontspec)             - 'small caps'  (m/sc) with NFSS spec.:
(fontspec)             <->s*[1]"[Spectral-Regular.ttf]/OT:script=latn;language=
dflt;+tnum;+lnum;+smcp;mapping=tex-text;"
(fontspec)             - 'bold' (b/n) with NFSS spec.:
(fontspec)             <->s*[1]"[Spectral-Bold.ttf]/OT:script=latn;language=dfl
t;+tnum;+lnum;mapping=tex-text;"
(fontspec)             - 'bold small caps'  (b/sc) with NFSS spec.:
(fontspec)             <->s*[1]"[Spectral-Bold.ttf]/OT:script=latn;language=dfl
t;+tnum;+lnum;+smcp;mapping=tex-text;"
(fontspec)             - 'italic' (m/it) with NFSS spec.:
(fontspec)             <->s*[1]"[Spectral-Italic.ttf]/OT:script=latn;language=d
flt;+tnum;+lnum;mapping=tex-text;"
(fontspec)             - 'italic small caps'  (m/scit) with NFSS spec.:
(fontspec)             <->s*[1]"[Spectral-Italic.ttf]/OT:script=latn;language=d
flt;+tnum;+lnum;+smcp;mapping=tex-text;"
(fontspec)             - 'bold italic' (b/it) with NFSS spec.:
(fontspec)             <->s*[1]"[Spectral-BoldItalic.ttf]/OT:script=latn;langua
ge=dflt;+tnum;+lnum;mapping=tex-text;"
(fontspec)             - 'bold italic small caps'  (b/scit) with NFSS spec.:
(fontspec)             <->s*[1]"[Spectral-BoldItalic.ttf]/OT:script=latn;langua
ge=dflt;+tnum;+lnum;+smcp;mapping=tex-text;"

LaTeX Font Info:    Font shape `TU/Spectral(0)/m/n' will be
(Font)              scaled to size 14.4pt on input line 134.

Package fontspec Info: 
(fontspec)             Spectral-ExtraLight scale = 1.


Package fontspec Info: 
(fontspec)             Spectral-ExtraLight scale = 1.


Package fontspec Info: 
(fontspec)             Spectral-ExtraLight scale = 1.


Package fontspec Info: 
(fontspec)             Spectral-Bold scale = 1.


Package fontspec Info: 
(fontspec)             Spectral-Bold scale = 1.


Package fontspec Info: 
(fontspec)             Spectral-ExtraLightItalic scale = 1.


Package fontspec Info: 
(fontspec)             Spectral-ExtraLightItalic scale = 1.


Package fontspec Info: 
(fontspec)             Spectral-BoldItalic scale = 1.


Package fontspec Info: 
(fontspec)             Spectral-BoldItalic scale = 1.


Package fontspec Info: 
(fontspec)             Font family 'Spectral(1)' created for font 'Spectral'
(fontspec)             with options [Ligatures = TeX,Scale =
(fontspec)             1,SmallCapsFeatures={},Extension = .ttf,Numbers =
(fontspec)             {Monospaced,Lining},UprightFont =
(fontspec)             *-ExtraLight,ItalicFont = *-ExtraLightItalic,BoldFont =
(fontspec)             *-Bold,BoldItalicFont = *-BoldItalic].
(fontspec)              
(fontspec)              This font family consists of the following NFSS
(fontspec)             series/shapes:
(fontspec)              
(fontspec)             - 'normal' (m/n) with NFSS spec.:
(fontspec)             <->s*[1]"[Spectral-ExtraLight.ttf]/OT:script=latn;langua
ge=dflt;+tnum;+lnum;mapping=tex-text;"
(fontspec)             - 'small caps'  (m/sc) with NFSS spec.:
(fontspec)             <->s*[1]"[Spectral-ExtraLight.ttf]/OT:script=latn;langua
ge=dflt;+tnum;+lnum;+smcp;mapping=tex-text;"
(fontspec)             - 'bold' (b/n) with NFSS spec.:
(fontspec)             <->s*[1]"[Spectral-Bold.ttf]/OT:script=latn;language=dfl
t;+tnum;+lnum;mapping=tex-text;"
(fontspec)             - 'bold small caps'  (b/sc) with NFSS spec.:
(fontspec)             <->s*[1]"[Spectral-Bold.ttf]/OT:script=latn;language=dfl
t;+tnum;+lnum;+smcp;mapping=tex-text;"
(fontspec)             - 'italic' (m/it) with NFSS spec.:
(fontspec)             <->s*[1]"[Spectral-ExtraLightItalic.ttf]/OT:script=latn;
language=dflt;+tnum;+lnum;mapping=tex-text;"
(fontspec)             - 'italic small caps'  (m/scit) with NFSS spec.:
(fontspec)             <->s*[1]"[Spectral-ExtraLightItalic.ttf]/OT:script=latn;
language=dflt;+tnum;+lnum;+smcp;mapping=tex-text;"
(fontspec)             - 'bold italic' (b/it) with NFSS spec.:
(fontspec)             <->s*[1]"[Spectral-BoldItalic.ttf]/OT:script=latn;langua
ge=dflt;+tnum;+lnum;mapping=tex-text;"
(fontspec)             - 'bold italic small caps'  (b/scit) with NFSS spec.:
(fontspec)             <->s*[1]"[Spectral-BoldItalic.ttf]/OT:script=latn;langua
ge=dflt;+tnum;+lnum;+smcp;mapping=tex-text;"


Package fontspec Info: 
(fontspec)             Spectral-Light scale = 1.


Package fontspec Info: 
(fontspec)             Spectral-Light scale = 1.


Package fontspec Info: 
(fontspec)             Spectral-Light scale = 1.


Package fontspec Info: 
(fontspec)             Spectral-Bold scale = 1.


Package fontspec Info: 
(fontspec)             Spectral-Bold scale = 1.


Package fontspec Info: 
(fontspec)             Spectral-LightItalic scale = 1.


Package fontspec Info: 
(fontspec)             Spectral-LightItalic scale = 1.


Package fontspec Info: 
(fontspec)             Spectral-BoldItalic scale = 1.


Package fontspec Info: 
(fontspec)             Spectral-BoldItalic scale = 1.


Package fontspec Info: 
(fontspec)             Font family 'Spectral(2)' created for font 'Spectral'
(fontspec)             with options [Ligatures = TeX,Scale =
(fontspec)             1,SmallCapsFeatures={},Extension = .ttf,Numbers =
(fontspec)             {Monospaced,Lining},UprightFont = *-Light,ItalicFont =
(fontspec)             *-LightItalic,BoldFont = *-Bold,BoldItalicFont =
(fontspec)             *-BoldItalic].
(fontspec)              
(fontspec)              This font family consists of the following NFSS
(fontspec)             series/shapes:
(fontspec)              
(fontspec)             - 'normal' (m/n) with NFSS spec.:
(fontspec)             <->s*[1]"[Spectral-Light.ttf]/OT:script=latn;language=df
lt;+tnum;+lnum;mapping=tex-text;"
(fontspec)             - 'small caps'  (m/sc) with NFSS spec.:
(fontspec)             <->s*[1]"[Spectral-Light.ttf]/OT:script=latn;language=df
lt;+tnum;+lnum;+smcp;mapping=tex-text;"
(fontspec)             - 'bold' (b/n) with NFSS spec.:
(fontspec)             <->s*[1]"[Spectral-Bold.ttf]/OT:script=latn;language=dfl
t;+tnum;+lnum;mapping=tex-text;"
(fontspec)             - 'bold small caps'  (b/sc) with NFSS spec.:
(fontspec)             <->s*[1]"[Spectral-Bold.ttf]/OT:script=latn;language=dfl
t;+tnum;+lnum;+smcp;mapping=tex-text;"
(fontspec)             - 'italic' (m/it) with NFSS spec.:
(fontspec)             <->s*[1]"[Spectral-LightItalic.ttf]/OT:script=latn;langu
age=dflt;+tnum;+lnum;mapping=tex-text;"
(fontspec)             - 'italic small caps'  (m/scit) with NFSS spec.:
(fontspec)             <->s*[1]"[Spectral-LightItalic.ttf]/OT:script=latn;langu
age=dflt;+tnum;+lnum;+smcp;mapping=tex-text;"
(fontspec)             - 'bold italic' (b/it) with NFSS spec.:
(fontspec)             <->s*[1]"[Spectral-BoldItalic.ttf]/OT:script=latn;langua
ge=dflt;+tnum;+lnum;mapping=tex-text;"
(fontspec)             - 'bold italic small caps'  (b/scit) with NFSS spec.:
(fontspec)             <->s*[1]"[Spectral-BoldItalic.ttf]/OT:script=latn;langua
ge=dflt;+tnum;+lnum;+smcp;mapping=tex-text;"


Package fontspec Info: 
(fontspec)             Spectral-Medium scale = 1.


Package fontspec Info: 
(fontspec)             Spectral-Medium scale = 1.


Package fontspec Info: 
(fontspec)             Spectral-Medium scale = 1.


Package fontspec Info: 
(fontspec)             Spectral-Bold scale = 1.


Package fontspec Info: 
(fontspec)             Spectral-Bold scale = 1.


Package fontspec Info: 
(fontspec)             Spectral-MediumItalic scale = 1.


Package fontspec Info: 
(fontspec)             Spectral-MediumItalic scale = 1.


Package fontspec Info: 
(fontspec)             Spectral-BoldItalic scale = 1.


Package fontspec Info: 
(fontspec)             Spectral-BoldItalic scale = 1.


Package fontspec Info: 
(fontspec)             Font family 'Spectral(3)' created for font 'Spectral'
(fontspec)             with options [Ligatures = TeX,Scale =
(fontspec)             1,SmallCapsFeatures={},Extension = .ttf,Numbers =
(fontspec)             {Monospaced,Lining},UprightFont = *-Medium,ItalicFont =
(fontspec)             *-MediumItalic,BoldFont = *-Bold,BoldItalicFont =
(fontspec)             *-BoldItalic].
(fontspec)              
(fontspec)              This font family consists of the following NFSS
(fontspec)             series/shapes:
(fontspec)              
(fontspec)             - 'normal' (m/n) with NFSS spec.:
(fontspec)             <->s*[1]"[Spectral-Medium.ttf]/OT:script=latn;language=d
flt;+tnum;+lnum;mapping=tex-text;"
(fontspec)             - 'small caps'  (m/sc) with NFSS spec.:
(fontspec)             <->s*[1]"[Spectral-Medium.ttf]/OT:script=latn;language=d
flt;+tnum;+lnum;+smcp;mapping=tex-text;"
(fontspec)             - 'bold' (b/n) with NFSS spec.:
(fontspec)             <->s*[1]"[Spectral-Bold.ttf]/OT:script=latn;language=dfl
t;+tnum;+lnum;mapping=tex-text;"
(fontspec)             - 'bold small caps'  (b/sc) with NFSS spec.:
(fontspec)             <->s*[1]"[Spectral-Bold.ttf]/OT:script=latn;language=dfl
t;+tnum;+lnum;+smcp;mapping=tex-text;"
(fontspec)             - 'italic' (m/it) with NFSS spec.:
(fontspec)             <->s*[1]"[Spectral-MediumItalic.ttf]/OT:script=latn;lang
uage=dflt;+tnum;+lnum;mapping=tex-text;"
(fontspec)             - 'italic small caps'  (m/scit) with NFSS spec.:
(fontspec)             <->s*[1]"[Spectral-MediumItalic.ttf]/OT:script=latn;lang
uage=dflt;+tnum;+lnum;+smcp;mapping=tex-text;"
(fontspec)             - 'bold italic' (b/it) with NFSS spec.:
(fontspec)             <->s*[1]"[Spectral-BoldItalic.ttf]/OT:script=latn;langua
ge=dflt;+tnum;+lnum;mapping=tex-text;"
(fontspec)             - 'bold italic small caps'  (b/scit) with NFSS spec.:
(fontspec)             <->s*[1]"[Spectral-BoldItalic.ttf]/OT:script=latn;langua
ge=dflt;+tnum;+lnum;+smcp;mapping=tex-text;"


Package fontspec Info: 
(fontspec)             Spectral-SemiBold scale = 1.


Package fontspec Info: 
(fontspec)             Spectral-SemiBold scale = 1.


Package fontspec Info: 
(fontspec)             Spectral-SemiBold scale = 1.


Package fontspec Info: 
(fontspec)             Spectral-SemiBoldItalic scale = 1.


Package fontspec Info: 
(fontspec)             Spectral-SemiBoldItalic scale = 1.


Package fontspec Info: 
(fontspec)             Font family 'Spectral(4)' created for font 'Spectral'
(fontspec)             with options [Ligatures = TeX,Scale =
(fontspec)             1,SmallCapsFeatures={},Extension = .ttf,Numbers =
(fontspec)             {Monospaced,Lining},UprightFont = *-SemiBold,ItalicFont
(fontspec)             = *-SemiBoldItalic].
(fontspec)              
(fontspec)              This font family consists of the following NFSS
(fontspec)             series/shapes:
(fontspec)              
(fontspec)             - 'normal' (m/n) with NFSS spec.:
(fontspec)             <->s*[1]"[Spectral-SemiBold.ttf]/OT:script=latn;language
=dflt;+tnum;+lnum;mapping=tex-text;"
(fontspec)             - 'small caps'  (m/sc) with NFSS spec.:
(fontspec)             <->s*[1]"[Spectral-SemiBold.ttf]/OT:script=latn;language
=dflt;+tnum;+lnum;+smcp;mapping=tex-text;"
(fontspec)             - 'italic' (m/it) with NFSS spec.:
(fontspec)             <->s*[1]"[Spectral-SemiBoldItalic.ttf]/OT:script=latn;la
nguage=dflt;+tnum;+lnum;mapping=tex-text;"
(fontspec)             - 'italic small caps'  (m/scit) with NFSS spec.:
(fontspec)             <->s*[1]"[Spectral-SemiBoldItalic.ttf]/OT:script=latn;la
nguage=dflt;+tnum;+lnum;+smcp;mapping=tex-text;"


Package fontspec Info: 
(fontspec)             Spectral-ExtraBold scale = 1.


Package fontspec Info: 
(fontspec)             Spectral-ExtraBold scale = 1.


Package fontspec Info: 
(fontspec)             Spectral-ExtraBold scale = 1.


Package fontspec Info: 
(fontspec)             Spectral-ExtraBoldItalic scale = 1.


Package fontspec Info: 
(fontspec)             Spectral-ExtraBoldItalic scale = 1.


Package fontspec Info: 
(fontspec)             Font family 'Spectral(5)' created for font 'Spectral'
(fontspec)             with options [Ligatures = TeX,Scale =
(fontspec)             1,SmallCapsFeatures={},Extension = .ttf,Numbers =
(fontspec)             {Monospaced,Lining},UprightFont =
(fontspec)             *-ExtraBold,ItalicFont = *-ExtraBoldItalic].
(fontspec)              
(fontspec)              This font family consists of the following NFSS
(fontspec)             series/shapes:
(fontspec)              
(fontspec)             - 'normal' (m/n) with NFSS spec.:
(fontspec)             <->s*[1]"[Spectral-ExtraBold.ttf]/OT:script=latn;languag
e=dflt;+tnum;+lnum;mapping=tex-text;"
(fontspec)             - 'small caps'  (m/sc) with NFSS spec.:
(fontspec)             <->s*[1]"[Spectral-ExtraBold.ttf]/OT:script=latn;languag
e=dflt;+tnum;+lnum;+smcp;mapping=tex-text;"
(fontspec)             - 'italic' (m/it) with NFSS spec.:
(fontspec)             <->s*[1]"[Spectral-ExtraBoldItalic.ttf]/OT:script=latn;l
anguage=dflt;+tnum;+lnum;mapping=tex-text;"
(fontspec)             - 'italic small caps'  (m/scit) with NFSS spec.:
(fontspec)             <->s*[1]"[Spectral-ExtraBoldItalic.ttf]/OT:script=latn;l
anguage=dflt;+tnum;+lnum;+smcp;mapping=tex-text;"

LaTeX Info: Redefining \oldstylenums on input line 171.
LaTeX Info: Redefining \liningnums on input line 172.
LaTeX Info: Redefining \textsw on input line 202.
)
(/usr/local/texlive/2025/texmf-dist/tex/latex/leadsheets/leadsheets.sty
(/usr/local/texlive/2025/texmf-dist/tex/latex/l3packages/l3keys2e/l3keys2e.sty
Package: l3keys2e 2024-08-16 LaTeX2e option processing using LaTeX3 keys
) (/usr/local/texlive/2025/texmf-dist/tex/latex/translations/translations.sty
Package: translations 2022/02/05 v1.12 internationalization of LaTeX2e packages
 (CN)
)
Package: leadsheets 2022/01/05 v0.7 Typesettingleadsheetsandsongbooks (CN)
\l__leadsheets_tmpa_dim=\dimen306
\l__leadsheets_tmpa_int=\count423
\l__leadsheets_tmpb_int=\count424
\l__leadsheets_tmpc_int=\count425
\l__leadsheets_tmpa_box=\box128
(leadsheets)    Loading library `songs'...

(/usr/local/texlive/2025/texmf-dist/tex/latex/leadsheets/leadsheets.library.son
gs.code.tex
File: leadsheets.library.songs.code.tex 2022/01/05 v0.7 leadsheets library `son
gs' 2019/10/02 typesetting songs
\l__leadsheets_transpose_steps_int=\count426
\l__leadsheets_capo_int=\count427
\g__leadsheets_song_id_int=\count428
\l__leadsheets_obey_parskip_skip=\skip88
\l__leadsheets_obey_parindent_skip=\skip89
(leadsheets)    Loading library `musicsymbols'...

(/usr/local/texlive/2025/texmf-dist/tex/latex/leadsheets/leadsheets.library.mus
icsymbols.code.tex
File: leadsheets.library.musicsymbols.code.tex 2022/01/05 v0.7 leadsheets libra
ry `musicsymbols' 2016/02/15 musical symbols
\leadsheets@barheight=\skip90
)
(leadsheets)    Loading library `chordnames'...

(/usr/local/texlive/2025/texmf-dist/tex/latex/leadsheets/leadsheets.library.cho
rdnames.code.tex
File: leadsheets.library.chordnames.code.tex 2022/01/05 v0.7 leadsheets library
 `chordnames' 2016/07/05 typesetting chord names with easy syntax
)
(leadsheets)    Loading library `chords'...

(/usr/local/texlive/2025/texmf-dist/tex/latex/leadsheets/leadsheets.library.cho
rds.code.tex
File: leadsheets.library.chords.code.tex 2022/01/05 v0.7 leadsheets library `ch
ords' 2016/07/02 printing chords
\l__leadsheets_empty_chord_dim=\dimen307
)
(leadsheets)    Loading library `shorthands'...

(/usr/local/texlive/2025/texmf-dist/tex/latex/leadsheets/leadsheets.library.sho
rthands.code.tex
File: leadsheets.library.shorthands.code.tex 2022/01/05 v0.7 leadsheets library
 `shorthands' 2016/06/29 definition and activation of shorthands
)
(leadsheets)    Loading library `properties'...

(/usr/local/texlive/2025/texmf-dist/tex/latex/leadsheets/leadsheets.library.pro
perties.code.tex
File: leadsheets.library.properties.code.tex 2022/01/05 v0.7 leadsheets library
 `properties' 2016/05/18 song properties
)
(leadsheets)    Loading library `transposing'...

(/usr/local/texlive/2025/texmf-dist/tex/latex/leadsheets/leadsheets.library.tra
nsposing.code.tex
File: leadsheets.library.transposing.code.tex 2022/01/05 v0.7 leadsheets librar
y `transposing' 2014/08/10 transposing of chord symbols
)
(leadsheets)    Loading library `templates'...

(/usr/local/texlive/2025/texmf-dist/tex/latex/leadsheets/leadsheets.library.tem
plates.code.tex
File: leadsheets.library.templates.code.tex 2022/01/05 v0.7 leadsheets library 
`templates' 2014/08/10 template mechanism for song titles and verses
)
(leadsheets)    Loading library `translations'...

(/usr/local/texlive/2025/texmf-dist/tex/latex/leadsheets/leadsheets.library.tra
nslations.code.tex
File: leadsheets.library.translations.code.tex 2022/01/05 v0.7 leadsheets libra
ry `translations' 2016/06/28 dictionary for leadsheets
)
\c@verse=\count429
\c@verse*=\count430
\c@chorus=\count431
\c@chorus*=\count432
\c@intro=\count433
\c@intro*=\count434
\c@outro=\count435
\c@interlude=\count436
\c@bridge=\count437
\c@info=\count438
\c@solo*=\count439
\c@solo=\count440
)) (./utilities.tex) (./chords.tex) (./rhythm.tex)
(./covers.tex) (./tabs.tex) (./toc.tex
\main@idxfile=\write5
\openout5 = `main.idx'.


Writing index file main.idx
\songs@idxfile=\write6
\openout6 = `songs.idx'.

Writing index file songs.idx
\lullaby@idxfile=\write7
\openout7 = `lullaby.idx'.

Writing index file lullaby.idx
\hymns@idxfile=\write8
\openout8 = `hymns.idx'.

Writing index file hymns.idx
\other@idxfile=\write9
\openout9 = `other.idx'.

Writing index file other.idx
)
Package csquotes Info: Checking for multilingual support...
Package csquotes Info: ... found 'babel' package.
Package csquotes Info: Adjusting default style.
Package csquotes Info: Redefining alias 'default' -> 'czech'.
 (output/main.aux

LaTeX Warning: Label `content' multiply defined.

)
\openout1 = `main.aux'.

LaTeX Font Info:    Checking defaults for OML/cmm/m/it on input line 128.
LaTeX Font Info:    ... okay on input line 128.
LaTeX Font Info:    Checking defaults for OMS/cmsy/m/n on input line 128.
LaTeX Font Info:    ... okay on input line 128.
LaTeX Font Info:    Checking defaults for OT1/cmr/m/n on input line 128.
LaTeX Font Info:    ... okay on input line 128.
LaTeX Font Info:    Checking defaults for T1/cmr/m/n on input line 128.
LaTeX Font Info:    ... okay on input line 128.
LaTeX Font Info:    Checking defaults for TS1/cmr/m/n on input line 128.
LaTeX Font Info:    ... okay on input line 128.
LaTeX Font Info:    Checking defaults for TU/lmr/m/n on input line 128.
LaTeX Font Info:    ... okay on input line 128.
LaTeX Font Info:    Checking defaults for OMX/cmex/m/n on input line 128.
LaTeX Font Info:    ... okay on input line 128.
LaTeX Font Info:    Checking defaults for U/cmr/m/n on input line 128.
LaTeX Font Info:    ... okay on input line 128.
LaTeX Font Info:    Checking defaults for LY/yfrak/m/n on input line 128.
LaTeX Font Info:    ... okay on input line 128.
LaTeX Font Info:    Checking defaults for LYG/ygoth/m/n on input line 128.
LaTeX Font Info:    ... okay on input line 128.
LaTeX Font Info:    Checking defaults for PD1/pdf/m/n on input line 128.
LaTeX Font Info:    ... okay on input line 128.
LaTeX Font Info:    Checking defaults for PU/pdf/m/n on input line 128.
LaTeX Font Info:    ... okay on input line 128.

Package fontspec Info: 
(fontspec)             Adjusting the maths setup (use [no-math] to avoid
(fontspec)             this).

\symlegacymaths=\mathgroup4
LaTeX Font Info:    Overwriting symbol font `legacymaths' in version `bold'
(Font)                  OT1/cmr/m/n --> OT1/cmr/bx/n on input line 128.
LaTeX Font Info:    Redeclaring math accent \acute on input line 128.
LaTeX Font Info:    Redeclaring math accent \grave on input line 128.
LaTeX Font Info:    Redeclaring math accent \ddot on input line 128.
LaTeX Font Info:    Redeclaring math accent \tilde on input line 128.
LaTeX Font Info:    Redeclaring math accent \bar on input line 128.
LaTeX Font Info:    Redeclaring math accent \breve on input line 128.
LaTeX Font Info:    Redeclaring math accent \check on input line 128.
LaTeX Font Info:    Redeclaring math accent \hat on input line 128.
LaTeX Font Info:    Redeclaring math accent \dot on input line 128.
LaTeX Font Info:    Redeclaring math accent \mathring on input line 128.
LaTeX Font Info:    Redeclaring math symbol \Gamma on input line 128.
LaTeX Font Info:    Redeclaring math symbol \Delta on input line 128.
LaTeX Font Info:    Redeclaring math symbol \Theta on input line 128.
LaTeX Font Info:    Redeclaring math symbol \Lambda on input line 128.
LaTeX Font Info:    Redeclaring math symbol \Xi on input line 128.
LaTeX Font Info:    Redeclaring math symbol \Pi on input line 128.
LaTeX Font Info:    Redeclaring math symbol \Sigma on input line 128.
LaTeX Font Info:    Redeclaring math symbol \Upsilon on input line 128.
LaTeX Font Info:    Redeclaring math symbol \Phi on input line 128.
LaTeX Font Info:    Redeclaring math symbol \Psi on input line 128.
LaTeX Font Info:    Redeclaring math symbol \Omega on input line 128.
LaTeX Font Info:    Redeclaring math symbol \mathdollar on input line 128.
LaTeX Font Info:    Redeclaring symbol font `operators' on input line 128.
LaTeX Font Info:    Encoding `OT1' has changed to `TU' for symbol font
(Font)              `operators' in the math version `normal' on input line 128.

LaTeX Font Info:    Overwriting symbol font `operators' in version `normal'
(Font)                  OT1/cmr/m/n --> TU/Spectral(0)/m/n on input line 128.
LaTeX Font Info:    Encoding `OT1' has changed to `TU' for symbol font
(Font)              `operators' in the math version `bold' on input line 128.
LaTeX Font Info:    Overwriting symbol font `operators' in version `bold'
(Font)                  OT1/cmr/bx/n --> TU/Spectral(0)/m/n on input line 128.
LaTeX Font Info:    Overwriting symbol font `operators' in version `normal'
(Font)                  TU/Spectral(0)/m/n --> TU/Spectral(0)/m/n on input line
 128.
LaTeX Font Info:    Overwriting math alphabet `\mathit' in version `normal'
(Font)                  OT1/cmr/m/it --> TU/Spectral(0)/m/it on input line 128.

LaTeX Font Info:    Overwriting math alphabet `\mathbf' in version `normal'
(Font)                  OT1/cmr/bx/n --> TU/Spectral(0)/b/n on input line 128.
LaTeX Font Info:    Overwriting math alphabet `\mathsf' in version `normal'
(Font)                  OT1/cmss/m/n --> TU/lmss/m/n on input line 128.
LaTeX Font Info:    Overwriting math alphabet `\mathtt' in version `normal'
(Font)                  OT1/cmtt/m/n --> TU/lmtt/m/n on input line 128.
LaTeX Font Info:    Overwriting symbol font `operators' in version `bold'
(Font)                  TU/Spectral(0)/m/n --> TU/Spectral(0)/b/n on input line
 128.
LaTeX Font Info:    Overwriting math alphabet `\mathit' in version `bold'
(Font)                  OT1/cmr/bx/it --> TU/Spectral(0)/b/it on input line 128
.
LaTeX Font Info:    Overwriting math alphabet `\mathsf' in version `bold'
(Font)                  OT1/cmss/bx/n --> TU/lmss/b/n on input line 128.
LaTeX Font Info:    Overwriting math alphabet `\mathtt' in version `bold'
(Font)                  OT1/cmtt/m/n --> TU/lmtt/b/n on input line 128.

*geometry* driver: auto-detecting
*geometry* detected driver: xetex
*geometry* verbose mode - [ preamble ] result:
* driver: xetex
* paper: a5paper
* layout: <same size as paper>
* layoutoffset:(h,v)=(0.0pt,0.0pt)
* modes: 
* h-part:(L,W,R)=(0.0pt, 399.76123pt, 21.33955pt)
* v-part:(T,H,B)=(28.45274pt, 533.4892pt, 35.56593pt)
* \paperwidth=421.10078pt
* \paperheight=597.50787pt
* \textwidth=399.76123pt
* \textheight=533.4892pt
* \oddsidemargin=-72.26999pt
* \evensidemargin=-72.26999pt
* \topmargin=-43.81725pt
* \headheight=0.0pt
* \headsep=0.0pt
* \topskip=14.0pt
* \footskip=14.22636pt
* \marginparwidth=24.0pt
* \marginparsep=10.0pt
* \columnsep=10.0pt
* \skip\footins=12.0pt plus 4.0pt minus 2.0pt
* \hoffset=0.0pt
* \voffset=0.0pt
* \mag=1000
* \@twocolumnfalse
* \@twosidefalse
* \@mparswitchfalse
* \@reversemarginfalse
* (1in=72.27pt=25.4mm, 1cm=28.453pt)

Package hyperref Info: Link coloring OFF on input line 128.
(output/main.out) (output/main.out)
\@outlinefile=\write10
\openout10 = `main.out'.

Package translations Info: no dictionary file `translations-basic-dictionary-cz
ech.trsl' found. on input line 128.
\c@refren=\count441
\c@deco=\count442
 (./full.tex
*geometry* verbose mode - [ newgeometry ] result:
* driver: xetex
* paper: a5paper
* layout: <same size as paper>
* layoutoffset:(h,v)=(0.0pt,0.0pt)
* modes: 
* h-part:(L,W,R)=(0.0pt, 421.10078pt, 0.0pt)
* v-part:(T,H,B)=(0.0pt, 597.50787pt, 0.0pt)
* \paperwidth=421.10078pt
* \paperheight=597.50787pt
* \textwidth=421.10078pt
* \textheight=597.50787pt
* \oddsidemargin=-72.26999pt
* \evensidemargin=-72.26999pt
* \topmargin=-72.26999pt
* \headheight=0.0pt
* \headsep=0.0pt
* \topskip=14.0pt
* \footskip=0.0pt
* \marginparwidth=24.0pt
* \marginparsep=10.0pt
* \columnsep=10.0pt
* \skip\footins=12.0pt plus 4.0pt minus 2.0pt
* \hoffset=0.0pt
* \voffset=0.0pt
* \mag=1000
* \@twocolumnfalse
* \@twosidefalse
* \@mparswitchfalse
* \@reversemarginfalse
* (1in=72.27pt=25.4mm, 1cm=28.453pt)

LaTeX Font Info:    Font shape `TU/Spectral(0)/m/n' will be
(Font)              scaled to size 70.0pt on input line 2.

Package fontspec Info: 
(fontspec)             Could not resolve font "Larken Black/B" (it probably
(fontspec)             doesn't exist).


Package fontspec Info: 
(fontspec)             Font family 'LarkenBlack(0)' created for font 'Larken
(fontspec)             Black' with options [Ligatures=TeX].
(fontspec)              
(fontspec)              This font family consists of the following NFSS
(fontspec)             series/shapes:
(fontspec)              
(fontspec)             - 'normal' (m/n) with NFSS spec.: <->"Larken
(fontspec)             Black/OT:script=latn;language=dflt;mapping=tex-text;"
(fontspec)             - 'italic' (m/it) with NFSS spec.: <->"Larken
(fontspec)             Black/I/OT:script=latn;language=dflt;mapping=tex-text;"
(fontspec)             - 'bold italic' (b/it) with NFSS spec.: <->"Larken
(fontspec)             Black/BI/OT:script=latn;language=dflt;mapping=tex-text;"


LaTeX Font Info:    Font shape `TU/Spectral(0)/m/n' will be
(Font)              scaled to size 32.0pt on input line 2.

Package fontspec Info: 
(fontspec)             Font family 'LarkenBold(0)' created for font 'Larken
(fontspec)             Bold' with options [Ligatures=TeX].
(fontspec)              
(fontspec)              This font family consists of the following NFSS
(fontspec)             series/shapes:
(fontspec)              
(fontspec)             - 'normal' (m/n) with NFSS spec.: <->"Larken
(fontspec)             Bold/OT:script=latn;language=dflt;mapping=tex-text;"
(fontspec)             - 'bold' (b/n) with NFSS spec.: <->"Larken
(fontspec)             Bold/B/OT:script=latn;language=dflt;mapping=tex-text;"
(fontspec)             - 'italic' (m/it) with NFSS spec.: <->"Larken
(fontspec)             Bold/I/OT:script=latn;language=dflt;mapping=tex-text;"
(fontspec)             - 'bold italic' (b/it) with NFSS spec.: <->"Larken
(fontspec)             Bold/BI/OT:script=latn;language=dflt;mapping=tex-text;"

LaTeX Font Info:    Font shape `TU/Spectral(0)/m/n' will be
(Font)              scaled to size 18.0pt on input line 2.
File: Strelka_logo.pdf Graphic file (type pdf)
<use Strelka_logo.pdf>



Package fancyhdr Warning: \footskip is too small (0.0pt): 
(fancyhdr)                Make it at least 17.0pt, for example:
(fancyhdr)                \setlength{\footskip}{17.0pt}.

[1


]

Package geometry Warning: `a5paper': not available in `\newgeometry'; skipped.

*geometry* verbose mode - [ newgeometry ] result:
* driver: xetex
* paper: a5paper
* layout: <same size as paper>
* layoutoffset:(h,v)=(0.0pt,0.0pt)
* modes: 
* h-part:(L,W,R)=(0.0pt, 385.53485pt, 35.56593pt)
* v-part:(T,H,B)=(32.00934pt, 529.9326pt, 35.56593pt)
* \paperwidth=421.10078pt
* \paperheight=597.50787pt
* \textwidth=385.53485pt
* \textheight=529.9326pt
* \oddsidemargin=-72.26999pt
* \evensidemargin=-72.26999pt
* \topmargin=-40.26065pt
* \headheight=0.0pt
* \headsep=0.0pt
* \topskip=14.0pt
* \footskip=14.22636pt
* \marginparwidth=24.0pt
* \marginparsep=10.0pt
* \columnsep=10.0pt
* \skip\footins=12.0pt plus 4.0pt minus 2.0pt
* \hoffset=0.0pt
* \voffset=0.0pt
* \mag=1000
* \@twocolumnfalse
* \@twosidefalse
* \@mparswitchfalse
* \@reversemarginfalse
* (1in=72.27pt=25.4mm, 1cm=28.453pt)

(output/main.toc
LaTeX Font Info:    Font shape `TU/Spectral(0)/m/n' will be
(Font)              scaled to size 10.0pt on input line 2.


Package fancyhdr Warning: \footskip is too small (14.22636pt): 
(fancyhdr)                Make it at least 17.0pt, for example:
(fancyhdr)                \setlength{\footskip}{17.0pt}.

[1

])
\tf@toc=\write11
\openout11 = `main.toc'.




Package fancyhdr Warning: \footskip is too small (14.22636pt): 
(fancyhdr)                Make it at least 17.0pt, for example:
(fancyhdr)                \setlength{\footskip}{17.0pt}.

[2]

Package geometry Warning: `a5paper': not available in `\newgeometry'; skipped.

*geometry* verbose mode - [ newgeometry ] result:
* driver: xetex
* paper: a5paper
* layout: <same size as paper>
* layoutoffset:(h,v)=(0.0pt,0.0pt)
* modes: 
* h-part:(L,W,R)=(0.0pt, 399.76123pt, 21.33955pt)
* v-part:(T,H,B)=(28.45274pt, 533.4892pt, 35.56593pt)
* \paperwidth=421.10078pt
* \paperheight=597.50787pt
* \textwidth=399.76123pt
* \textheight=533.4892pt
* \oddsidemargin=-72.26999pt
* \evensidemargin=-72.26999pt
* \topmargin=-43.81725pt
* \headheight=0.0pt
* \headsep=0.0pt
* \topskip=14.0pt
* \footskip=14.22636pt
* \marginparwidth=24.0pt
* \marginparsep=10.0pt
* \columnsep=10.0pt
* \skip\footins=12.0pt plus 4.0pt minus 2.0pt
* \hoffset=0.0pt
* \voffset=0.0pt
* \mag=1000
* \@twocolumnfalse
* \@twosidefalse
* \@mparswitchfalse
* \@reversemarginfalse
* (1in=72.27pt=25.4mm, 1cm=28.453pt)

(./songs/lilie.tex
Overfull \vbox (2.89198pt too high) detected at line 1
 []


Overfull \vbox (9.51608pt too high) detected at line 1
 []


Overfull \vbox (2.89198pt too high) detected at line 1
 []


Overfull \vbox (9.51608pt too high) detected at line 1
 []

\@cellbox1=\box133
\@cellbox2=\box134

Overfull \vbox (2.89198pt too high) detected at line 1
 []


Overfull \vbox (9.51608pt too high) detected at line 1
 []

LaTeX Font Info:    Font shape `TU/Spectral(0)/b/n' will be
(Font)              scaled to size 14.4pt on input line 24.
)


Package fancyhdr Warning: \footskip is too small (14.22636pt): 
(fancyhdr)                Make it at least 17.0pt, for example:
(fancyhdr)                \setlength{\footskip}{17.0pt}.

[1


] (./songs/peterburg.tex
Overfull \vbox (2.45999pt too high) detected at line 1
 []


Overfull \vbox (9.22807pt too high) detected at line 1
 []


Overfull \vbox (2.45999pt too high) detected at line 1
 []


Overfull \vbox (9.22807pt too high) detected at line 1
 []

\@cellbox1=\box139
\@cellbox2=\box140

Overfull \vbox (2.45999pt too high) detected at line 1
 []


Overfull \vbox (9.22807pt too high) detected at line 1
 []

LaTeX Font Info:    Font shape `TU/Spectral(0)/b/n' will be
(Font)              scaled to size 10.0pt on input line 25.
LaTeX Font Info:    Font shape `TU/Spectral(0)/b/n' will be
(Font)              scaled to size 12.0pt on input line 25.
LaTeX Font Info:    Font shape `TU/Spectral(0)/m/n' will be
(Font)              scaled to size 8.0pt on input line 25.
LaTeX Font Info:    Font shape `TU/Spectral(0)/m/n' will be
(Font)              scaled to size 6.0pt on input line 25.
LaTeX Font Info:    Font shape `TU/Spectral(0)/b/n' will be
(Font)              scaled to size 8.0pt on input line 25.
LaTeX Font Info:    Font shape `TU/Spectral(0)/m/n' will be
(Font)              scaled to size 20.74pt on input line 25.
LaTeX Font Info:    Font shape `TU/Spectral(0)/b/n' will be
(Font)              scaled to size 20.74pt on input line 25.
)


Package fancyhdr Warning: \footskip is too small (14.22636pt): 
(fancyhdr)                Make it at least 17.0pt, for example:
(fancyhdr)                \setlength{\footskip}{17.0pt}.

[2] (./songs/divoci-kone.tex
Overfull \vbox (2.45999pt too high) detected at line 1
 []


Overfull \vbox (9.61208pt too high) detected at line 1
 []


Overfull \vbox (2.45999pt too high) detected at line 1
 []


Overfull \vbox (9.61208pt too high) detected at line 1
 []

\@cellbox1=\box145
\@cellbox2=\box146

Overfull \vbox (2.45999pt too high) detected at line 1
 []


Overfull \vbox (9.61208pt too high) detected at line 1
 []


Overfull \hbox (3.36317pt too wide) in paragraph at lines 31--31
[][][][] []\TU/Spectral(0)/m/n/14.4 Chtěl bych jak divoký []kůň běžet []běžet, 
[]nemyslet []na náv[]rat 
 []


(/usr/local/texlive/2025/texmf-dist/tex/generic/pgf/frontendlayer/tikz/librarie
s/tikzlibrarycalc.code.tex
File: tikzlibrarycalc.code.tex 2023-01-15 v3.1.10 (3.1.10)
)
Missing character: There is no ; ("3B) in font nullfont!
Missing character: There is no ; ("3B) in font nullfont!
Missing character: There is no ; ("3B) in font nullfont!
Missing character: There is no ; ("3B) in font nullfont!
Missing character: There is no ; ("3B) in font nullfont!
Missing character: There is no ; ("3B) in font nullfont!
LaTeX Font Info:    Font shape `TU/Spectral(0)/b/n' will be
(Font)              scaled to size 7.0pt on input line 99.
)


Package fancyhdr Warning: \footskip is too small (14.22636pt): 
(fancyhdr)                Make it at least 17.0pt, for example:
(fancyhdr)                \setlength{\footskip}{17.0pt}.

[3] (./songs/vitr.tex) (./songs/kozel.tex
Overfull \vbox (2.07599pt too high) detected at line 1
 []


Overfull \vbox (9.22807pt too high) detected at line 1
 []


Overfull \vbox (2.07599pt too high) detected at line 1
 []


Overfull \vbox (9.22807pt too high) detected at line 1
 []

\@cellbox1=\box151
\@cellbox2=\box152

Overfull \vbox (2.07599pt too high) detected at line 1
 []


Overfull \vbox (9.22807pt too high) detected at line 1
 []

Missing character: There is no ; ("3B) in font nullfont!
Missing character: There is no ; ("3B) in font nullfont!
Missing character: There is no ; ("3B) in font nullfont!
Missing character: There is no ; ("3B) in font nullfont!
)


Package fancyhdr Warning: \footskip is too small (14.22636pt): 
(fancyhdr)                Make it at least 17.0pt, for example:
(fancyhdr)                \setlength{\footskip}{17.0pt}.

[4] (./songs/hercegovina.tex
Overfull \vbox (4.79999pt too high) detected at line 1
 []


Overfull \vbox (4.79999pt too high) detected at line 1
 []

\@cellbox1=\box157
\@cellbox2=\box158

Overfull \vbox (4.79999pt too high) detected at line 1
 []

)


Package fancyhdr Warning: \footskip is too small (14.22636pt): 
(fancyhdr)                Make it at least 17.0pt, for example:
(fancyhdr)                \setlength{\footskip}{17.0pt}.

[5] (./songs/dokud-se-zpiva.tex
Overfull \vbox (2.45999pt too high) detected at line 1
 []


Overfull \vbox (9.61208pt too high) detected at line 1
 []


Overfull \vbox (2.45999pt too high) detected at line 1
 []


Overfull \vbox (9.61208pt too high) detected at line 1
 []

\@cellbox1=\box163
\@cellbox2=\box164

Overfull \vbox (2.45999pt too high) detected at line 1
 []


Overfull \vbox (9.61208pt too high) detected at line 1
 []

)


Package fancyhdr Warning: \footskip is too small (14.22636pt): 
(fancyhdr)                Make it at least 17.0pt, for example:
(fancyhdr)                \setlength{\footskip}{17.0pt}.

[6] (./songs/jeste-jedno-kafe.tex
Overfull \vbox (2.45999pt too high) detected at line 1
 []


Overfull \vbox (9.51608pt too high) detected at line 1
 []


Overfull \vbox (2.45999pt too high) detected at line 1
 []


Overfull \vbox (9.51608pt too high) detected at line 1
 []

\@cellbox1=\box169
\@cellbox2=\box170

Overfull \vbox (2.45999pt too high) detected at line 1
 []


Overfull \vbox (9.51608pt too high) detected at line 1
 []

)


Package fancyhdr Warning: \footskip is too small (14.22636pt): 
(fancyhdr)                Make it at least 17.0pt, for example:
(fancyhdr)                \setlength{\footskip}{17.0pt}.

[7] (./songs/pocity.tex
Overfull \vbox (2.45999pt too high) detected at line 1
 []


Overfull \vbox (10.06808pt too high) detected at line 1
 []


Overfull \vbox (2.45999pt too high) detected at line 1
 []


Overfull \vbox (10.06808pt too high) detected at line 1
 []

\@cellbox1=\box175
\@cellbox2=\box176

Overfull \vbox (2.45999pt too high) detected at line 1
 []


Overfull \vbox (10.06808pt too high) detected at line 1
 []


Overfull \hbox (8.68518pt too wide) in paragraph at lines 33--33
[][] \TU/Spectral(0)/m/n/14.4 poci[][] ještě jednou [] chvíli 
 []


Overfull \hbox (6.2059pt too wide) in paragraph at lines 33--33
[] \TU/Spectral(0)/m/n/14.4 unaven, bezmoc[]ný,[] usínám vedle Tebe, []něco ve 
mně praská. 
 []

)


Package fancyhdr Warning: \footskip is too small (14.22636pt): 
(fancyhdr)                Make it at least 17.0pt, for example:
(fancyhdr)                \setlength{\footskip}{17.0pt}.

[8] (./songs/zuzana.tex
Overfull \vbox (4.79999pt too high) detected at line 1
 []


Overfull \vbox (4.79999pt too high) detected at line 1
 []

\@cellbox1=\box181
\@cellbox2=\box182

Overfull \vbox (4.79999pt too high) detected at line 1
 []

)


Package fancyhdr Warning: \footskip is too small (14.22636pt): 
(fancyhdr)                Make it at least 17.0pt, for example:
(fancyhdr)                \setlength{\footskip}{17.0pt}.

[9] (./songs/andel.tex
Overfull \vbox (2.89198pt too high) detected at line 1
 []


Overfull \vbox (9.22807pt too high) detected at line 1
 []


Overfull \vbox (2.89198pt too high) detected at line 1
 []


Overfull \vbox (9.22807pt too high) detected at line 1
 []

\@cellbox1=\box187
\@cellbox2=\box188

Overfull \vbox (2.89198pt too high) detected at line 1
 []


Overfull \vbox (9.22807pt too high) detected at line 1
 []

)


Package fancyhdr Warning: \footskip is too small (14.22636pt): 
(fancyhdr)                Make it at least 17.0pt, for example:
(fancyhdr)                \setlength{\footskip}{17.0pt}.

[10] (./songs/po-schodoch.tex
Overfull \vbox (2.75998pt too high) detected at line 1
 []


Overfull \vbox (9.22807pt too high) detected at line 1
 []


Overfull \vbox (2.75998pt too high) detected at line 1
 []


Overfull \vbox (9.22807pt too high) detected at line 1
 []

\@cellbox1=\box193
\@cellbox2=\box194

Overfull \vbox (2.75998pt too high) detected at line 1
 []


Overfull \vbox (9.22807pt too high) detected at line 1
 []

LaTeX Font Info:    Font shape `TU/Spectral(0)/m/it' will be
(Font)              scaled to size 14.4pt on input line 31.
Missing character: There is no ; ("3B) in font nullfont!
Missing character: There is no ; ("3B) in font nullfont!
)


Package fancyhdr Warning: \footskip is too small (14.22636pt): 
(fancyhdr)                Make it at least 17.0pt, for example:
(fancyhdr)                \setlength{\footskip}{17.0pt}.

[11] (./songs/valka-ruzi.tex
Overfull \vbox (2.75998pt too high) detected at line 1
 []


Overfull \vbox (9.61208pt too high) detected at line 1
 []


Overfull \vbox (2.75998pt too high) detected at line 1
 []


Overfull \vbox (9.61208pt too high) detected at line 1
 []

\@cellbox1=\box199
\@cellbox2=\box256

Overfull \vbox (2.75998pt too high) detected at line 1
 []


Overfull \vbox (9.61208pt too high) detected at line 1
 []


Overfull \hbox (2.00117pt too wide) in paragraph at lines 27--27
[]\TU/Spectral(0)/m/n/14.4 Už roz[] se hust[][] down, hej, [] 
 []

)


Package fancyhdr Warning: \footskip is too small (14.22636pt): 
(fancyhdr)                Make it at least 17.0pt, for example:
(fancyhdr)                \setlength{\footskip}{17.0pt}.

[12] (./songs/na-kolena.tex
Overfull \vbox (2.45999pt too high) detected at line 1
 []


Overfull \vbox (9.22807pt too high) detected at line 1
 []


Overfull \vbox (2.45999pt too high) detected at line 1
 []


Overfull \vbox (9.22807pt too high) detected at line 1
 []

\@cellbox1=\box261
\@cellbox2=\box262

Overfull \vbox (2.45999pt too high) detected at line 1
 []


Overfull \vbox (9.22807pt too high) detected at line 1
 []

)


Package fancyhdr Warning: \footskip is too small (14.22636pt): 
(fancyhdr)                Make it at least 17.0pt, for example:
(fancyhdr)                \setlength{\footskip}{17.0pt}.

[13] (./songs/vcelin.tex
Overfull \vbox (2.45999pt too high) detected at line 1
 []


Overfull \vbox (10.74008pt too high) detected at line 1
 []


Overfull \vbox (2.45999pt too high) detected at line 1
 []


Overfull \vbox (10.74008pt too high) detected at line 1
 []

\@cellbox1=\box267
\@cellbox2=\box268

Overfull \vbox (2.45999pt too high) detected at line 1
 []


Overfull \vbox (10.74008pt too high) detected at line 1
 []

)


Package fancyhdr Warning: \footskip is too small (14.22636pt): 
(fancyhdr)                Make it at least 17.0pt, for example:
(fancyhdr)                \setlength{\footskip}{17.0pt}.

[14] (./songs/variace-na-renesancni-tema.tex
Overfull \vbox (2.45999pt too high) detected at line 1
 []


Overfull \vbox (9.51608pt too high) detected at line 1
 []


Overfull \vbox (2.45999pt too high) detected at line 1
 []


Overfull \vbox (9.51608pt too high) detected at line 1
 []

\@cellbox1=\box273
\@cellbox2=\box274

Overfull \vbox (2.45999pt too high) detected at line 1
 []


Overfull \vbox (9.51608pt too high) detected at line 1
 []

)


Package fancyhdr Warning: \footskip is too small (14.22636pt): 
(fancyhdr)                Make it at least 17.0pt, for example:
(fancyhdr)                \setlength{\footskip}{17.0pt}.

[15] (./songs/mezi-horami.tex
Overfull \vbox (2.45999pt too high) detected at line 1
 []


Overfull \vbox (10.86008pt too high) detected at line 1
 []


Overfull \vbox (2.45999pt too high) detected at line 1
 []


Overfull \vbox (10.86008pt too high) detected at line 1
 []

\@cellbox1=\box279
\@cellbox2=\box280

Overfull \vbox (2.45999pt too high) detected at line 1
 []


Overfull \vbox (10.86008pt too high) detected at line 1
 []

)


Package fancyhdr Warning: \footskip is too small (14.22636pt): 
(fancyhdr)                Make it at least 17.0pt, for example:
(fancyhdr)                \setlength{\footskip}{17.0pt}.

[16] (./songs/hrobar.tex
Overfull \vbox (2.45999pt too high) detected at line 1
 []


Overfull \vbox (8.64008pt too high) detected at line 1
 []


Overfull \vbox (2.45999pt too high) detected at line 1
 []


Overfull \vbox (8.64008pt too high) detected at line 1
 []

\@cellbox1=\box285
\@cellbox2=\box286

Overfull \vbox (2.45999pt too high) detected at line 1
 []


Overfull \vbox (8.64008pt too high) detected at line 1
 []

)


Package fancyhdr Warning: \footskip is too small (14.22636pt): 
(fancyhdr)                Make it at least 17.0pt, for example:
(fancyhdr)                \setlength{\footskip}{17.0pt}.

[17] (./songs/pazitka.tex
Overfull \vbox (2.45999pt too high) detected at line 1
 []


Overfull \vbox (8.92809pt too high) detected at line 1
 []


Overfull \vbox (2.45999pt too high) detected at line 1
 []


Overfull \vbox (8.92809pt too high) detected at line 1
 []

\@cellbox1=\box291
\@cellbox2=\box292

Overfull \vbox (2.45999pt too high) detected at line 1
 []


Overfull \vbox (8.92809pt too high) detected at line 1
 []

LaTeX Font Info:    Font shape `U/musix/m/n' will be
(Font)              scaled to size 15.0pt on input line 32.
Missing character: There is no ; ("3B) in font nullfont!
Missing character: There is no ; ("3B) in font nullfont!
)


Package fancyhdr Warning: \footskip is too small (14.22636pt): 
(fancyhdr)                Make it at least 17.0pt, for example:
(fancyhdr)                \setlength{\footskip}{17.0pt}.

[18] (./songs/povidej.tex
Overfull \vbox (2.45999pt too high) detected at line 1
 []


Overfull \vbox (9.51608pt too high) detected at line 1
 []


Overfull \vbox (2.45999pt too high) detected at line 1
 []


Overfull \vbox (9.51608pt too high) detected at line 1
 []

\@cellbox1=\box297
\@cellbox2=\box298

Overfull \vbox (2.45999pt too high) detected at line 1
 []


Overfull \vbox (9.51608pt too high) detected at line 1
 []

)


Package fancyhdr Warning: \footskip is too small (14.22636pt): 
(fancyhdr)                Make it at least 17.0pt, for example:
(fancyhdr)                \setlength{\footskip}{17.0pt}.

[19] (./songs/batalion.tex
Overfull \vbox (2.75998pt too high) detected at line 1
 []


Overfull \vbox (9.51608pt too high) detected at line 1
 []


Overfull \vbox (2.75998pt too high) detected at line 1
 []


Overfull \vbox (9.51608pt too high) detected at line 1
 []

\@cellbox1=\box303
\@cellbox2=\box304

Overfull \vbox (2.75998pt too high) detected at line 1
 []


Overfull \vbox (9.51608pt too high) detected at line 1
 []

)


Package fancyhdr Warning: \footskip is too small (14.22636pt): 
(fancyhdr)                Make it at least 17.0pt, for example:
(fancyhdr)                \setlength{\footskip}{17.0pt}.

[20] (./songs/proklinam.tex
Overfull \vbox (2.89198pt too high) detected at line 1
 []


Overfull \vbox (9.61208pt too high) detected at line 1
 []


Overfull \vbox (2.89198pt too high) detected at line 1
 []


Overfull \vbox (9.61208pt too high) detected at line 1
 []

\@cellbox1=\box309
\@cellbox2=\box310

Overfull \vbox (2.89198pt too high) detected at line 1
 []


Overfull \vbox (9.61208pt too high) detected at line 1
 []

)


Package fancyhdr Warning: \footskip is too small (14.22636pt): 
(fancyhdr)                Make it at least 17.0pt, for example:
(fancyhdr)                \setlength{\footskip}{17.0pt}.

[21] (./songs/medvedi-nevedi.tex
Overfull \vbox (2.45999pt too high) detected at line 1
 []


Overfull \vbox (9.51608pt too high) detected at line 1
 []


Overfull \vbox (2.45999pt too high) detected at line 1
 []


Overfull \vbox (9.51608pt too high) detected at line 1
 []

\@cellbox1=\box315
\@cellbox2=\box316

Overfull \vbox (2.45999pt too high) detected at line 1
 []


Overfull \vbox (9.51608pt too high) detected at line 1
 []

)


Package fancyhdr Warning: \footskip is too small (14.22636pt): 
(fancyhdr)                Make it at least 17.0pt, for example:
(fancyhdr)                \setlength{\footskip}{17.0pt}.

[22] (./songs/dum-u-vychazejiciho-slunce.tex
Overfull \vbox (2.89198pt too high) detected at line 1
 []


Overfull \vbox (9.64807pt too high) detected at line 1
 []


Overfull \vbox (2.89198pt too high) detected at line 1
 []


Overfull \vbox (9.64807pt too high) detected at line 1
 []

\@cellbox1=\box321
\@cellbox2=\box322

Overfull \vbox (2.89198pt too high) detected at line 1
 []


Overfull \vbox (9.64807pt too high) detected at line 1
 []

Missing character: There is no ; ("3B) in font nullfont!
Missing character: There is no ; ("3B) in font nullfont!
Missing character: There is no ; ("3B) in font nullfont!
Missing character: There is no ; ("3B) in font nullfont!
Missing character: There is no ; ("3B) in font nullfont!
)


Package fancyhdr Warning: \footskip is too small (14.22636pt): 
(fancyhdr)                Make it at least 17.0pt, for example:
(fancyhdr)                \setlength{\footskip}{17.0pt}.

[23] (./songs/knockin-on-heaven-s-door.tex
Overfull \vbox (2.45999pt too high) detected at line 1
 []


Overfull \vbox (9.51608pt too high) detected at line 1
 []


Overfull \vbox (2.45999pt too high) detected at line 1
 []


Overfull \vbox (9.51608pt too high) detected at line 1
 []

\@cellbox1=\box327
\@cellbox2=\box328

Overfull \vbox (2.45999pt too high) detected at line 1
 []


Overfull \vbox (9.51608pt too high) detected at line 1
 []

)


Package fancyhdr Warning: \footskip is too small (14.22636pt): 
(fancyhdr)                Make it at least 17.0pt, for example:
(fancyhdr)                \setlength{\footskip}{17.0pt}.

[24] (./songs/malovani.tex
Overfull \vbox (2.75998pt too high) detected at line 1
 []


Overfull \vbox (9.61208pt too high) detected at line 1
 []


Overfull \vbox (2.75998pt too high) detected at line 1
 []


Overfull \vbox (9.61208pt too high) detected at line 1
 []

\@cellbox1=\box333
\@cellbox2=\box334

Overfull \vbox (2.75998pt too high) detected at line 1
 []


Overfull \vbox (9.61208pt too high) detected at line 1
 []

)


Package fancyhdr Warning: \footskip is too small (14.22636pt): 
(fancyhdr)                Make it at least 17.0pt, for example:
(fancyhdr)                \setlength{\footskip}{17.0pt}.

[25] (./songs/kutil.tex
Overfull \vbox (2.45999pt too high) detected at line 1
 []


Overfull \vbox (9.51608pt too high) detected at line 1
 []


Overfull \vbox (2.45999pt too high) detected at line 1
 []


Overfull \vbox (9.51608pt too high) detected at line 1
 []

\@cellbox1=\box339
\@cellbox2=\box340

Overfull \vbox (2.45999pt too high) detected at line 1
 []


Overfull \vbox (9.51608pt too high) detected at line 1
 []

)


Package fancyhdr Warning: \footskip is too small (14.22636pt): 
(fancyhdr)                Make it at least 17.0pt, for example:
(fancyhdr)                \setlength{\footskip}{17.0pt}.

[26] (./songs/1982.tex
Overfull \vbox (2.89198pt too high) detected at line 1
 []


Overfull \vbox (9.15608pt too high) detected at line 1
 []


Overfull \vbox (2.89198pt too high) detected at line 1
 []


Overfull \vbox (9.15608pt too high) detected at line 1
 []

\@cellbox1=\box345
\@cellbox2=\box346

Overfull \vbox (2.89198pt too high) detected at line 1
 []


Overfull \vbox (9.15608pt too high) detected at line 1
 []

Missing character: There is no ; ("3B) in font nullfont!
Missing character: There is no ; ("3B) in font nullfont!
Missing character: There is no ; ("3B) in font nullfont!
Missing character: There is no ; ("3B) in font nullfont!
Missing character: There is no ; ("3B) in font nullfont!
)


Package fancyhdr Warning: \footskip is too small (14.22636pt): 
(fancyhdr)                Make it at least 17.0pt, for example:
(fancyhdr)                \setlength{\footskip}{17.0pt}.

[27] (./songs/to-ta-helpa.tex
Overfull \vbox (4.79999pt too high) detected at line 1
 []


Overfull \vbox (4.79999pt too high) detected at line 1
 []

\@cellbox1=\box351
\@cellbox2=\box352

Overfull \vbox (4.79999pt too high) detected at line 1
 []

)


Package fancyhdr Warning: \footskip is too small (14.22636pt): 
(fancyhdr)                Make it at least 17.0pt, for example:
(fancyhdr)                \setlength{\footskip}{17.0pt}.

[28] (./songs/cesta.tex
Overfull \vbox (2.89198pt too high) detected at line 1
 []


Overfull \vbox (8.82008pt too high) detected at line 1
 []


Overfull \vbox (2.89198pt too high) detected at line 1
 []


Overfull \vbox (8.82008pt too high) detected at line 1
 []

\@cellbox1=\box357
\@cellbox2=\box358

Overfull \vbox (2.89198pt too high) detected at line 1
 []


Overfull \vbox (8.82008pt too high) detected at line 1
 []

)


Package fancyhdr Warning: \footskip is too small (14.22636pt): 
(fancyhdr)                Make it at least 17.0pt, for example:
(fancyhdr)                \setlength{\footskip}{17.0pt}.

[29] (./songs/rada-se-miluje.tex
Overfull \vbox (2.45999pt too high) detected at line 1
 []


Overfull \vbox (9.61208pt too high) detected at line 1
 []


Overfull \vbox (2.45999pt too high) detected at line 1
 []


Overfull \vbox (9.61208pt too high) detected at line 1
 []

\@cellbox1=\box363
\@cellbox2=\box364

Overfull \vbox (2.45999pt too high) detected at line 1
 []


Overfull \vbox (9.61208pt too high) detected at line 1
 []

)


Package fancyhdr Warning: \footskip is too small (14.22636pt): 
(fancyhdr)                Make it at least 17.0pt, for example:
(fancyhdr)                \setlength{\footskip}{17.0pt}.

[30] (./songs/hvezdar.tex
Overfull \vbox (2.45999pt too high) detected at line 1
 []


Overfull \vbox (8.65207pt too high) detected at line 1
 []


Overfull \vbox (2.45999pt too high) detected at line 1
 []


Overfull \vbox (8.65207pt too high) detected at line 1
 []

\@cellbox1=\box369
\@cellbox2=\box370

Overfull \vbox (2.45999pt too high) detected at line 1
 []


Overfull \vbox (8.65207pt too high) detected at line 1
 []

)


Package fancyhdr Warning: \footskip is too small (14.22636pt): 
(fancyhdr)                Make it at least 17.0pt, for example:
(fancyhdr)                \setlength{\footskip}{17.0pt}.

[31] (./songs/1-signalni.tex
Overfull \vbox (2.45999pt too high) detected at line 1
 []


Overfull \vbox (9.61208pt too high) detected at line 1
 []


Overfull \vbox (2.45999pt too high) detected at line 1
 []


Overfull \vbox (9.61208pt too high) detected at line 1
 []

\@cellbox1=\box375
\@cellbox2=\box376

Overfull \vbox (2.45999pt too high) detected at line 1
 []


Overfull \vbox (9.61208pt too high) detected at line 1
 []


Underfull \hbox (badness 10000) in paragraph at lines 29--29

 []

)


Package fancyhdr Warning: \footskip is too small (14.22636pt): 
(fancyhdr)                Make it at least 17.0pt, for example:
(fancyhdr)                \setlength{\footskip}{17.0pt}.

[32] (./songs/slavici-z-madridu-rossignol-anglais.tex
Overfull \vbox (2.45999pt too high) detected at line 1
 []


Overfull \vbox (9.51608pt too high) detected at line 1
 []


Overfull \vbox (2.45999pt too high) detected at line 1
 []


Overfull \vbox (9.51608pt too high) detected at line 1
 []

\@cellbox1=\box381
\@cellbox2=\box382

Overfull \vbox (2.45999pt too high) detected at line 1
 []


Overfull \vbox (9.51608pt too high) detected at line 1
 []

)


Package fancyhdr Warning: \footskip is too small (14.22636pt): 
(fancyhdr)                Make it at least 17.0pt, for example:
(fancyhdr)                \setlength{\footskip}{17.0pt}.

[33] (./songs/rosa-na-kolejich.tex
Overfull \vbox (2.75998pt too high) detected at line 1
 []


Overfull \vbox (9.51608pt too high) detected at line 1
 []


Overfull \vbox (2.75998pt too high) detected at line 1
 []


Overfull \vbox (9.51608pt too high) detected at line 1
 []

\@cellbox1=\box387
\@cellbox2=\box388

Overfull \vbox (2.75998pt too high) detected at line 1
 []


Overfull \vbox (9.51608pt too high) detected at line 1
 []

)


Package fancyhdr Warning: \footskip is too small (14.22636pt): 
(fancyhdr)                Make it at least 17.0pt, for example:
(fancyhdr)                \setlength{\footskip}{17.0pt}.

[34] (./songs/eldorado.tex
Overfull \vbox (2.45999pt too high) detected at line 1
 []


Overfull \vbox (9.61208pt too high) detected at line 1
 []


Overfull \vbox (2.45999pt too high) detected at line 1
 []


Overfull \vbox (9.61208pt too high) detected at line 1
 []

\@cellbox1=\box393
\@cellbox2=\box394

Overfull \vbox (2.45999pt too high) detected at line 1
 []


Overfull \vbox (9.61208pt too high) detected at line 1
 []

)


Package fancyhdr Warning: \footskip is too small (14.22636pt): 
(fancyhdr)                Make it at least 17.0pt, for example:
(fancyhdr)                \setlength{\footskip}{17.0pt}.

[35] (./songs/racci.tex
Overfull \vbox (2.75998pt too high) detected at line 1
 []


Overfull \vbox (8.55608pt too high) detected at line 1
 []


Overfull \vbox (2.75998pt too high) detected at line 1
 []


Overfull \vbox (8.55608pt too high) detected at line 1
 []

\@cellbox1=\box399
\@cellbox2=\box400

Overfull \vbox (2.75998pt too high) detected at line 1
 []


Overfull \vbox (8.55608pt too high) detected at line 1
 []

Missing character: There is no ; ("3B) in font nullfont!
Missing character: There is no ; ("3B) in font nullfont!
Missing character: There is no ; ("3B) in font nullfont!
Missing character: There is no ; ("3B) in font nullfont!
)


Package fancyhdr Warning: \footskip is too small (14.22636pt): 
(fancyhdr)                Make it at least 17.0pt, for example:
(fancyhdr)                \setlength{\footskip}{17.0pt}.

[36] (./songs/zejtra-mam.tex
Overfull \vbox (2.89198pt too high) detected at line 1
 []


Overfull \vbox (9.61208pt too high) detected at line 1
 []


Overfull \vbox (2.89198pt too high) detected at line 1
 []


Overfull \vbox (9.61208pt too high) detected at line 1
 []

\@cellbox1=\box405
\@cellbox2=\box406

Overfull \vbox (2.89198pt too high) detected at line 1
 []


Overfull \vbox (9.61208pt too high) detected at line 1
 []

)


Package fancyhdr Warning: \footskip is too small (14.22636pt): 
(fancyhdr)                Make it at least 17.0pt, for example:
(fancyhdr)                \setlength{\footskip}{17.0pt}.

[37] (./songs/jdem-zpatky-do-lesu.tex
Overfull \vbox (2.45999pt too high) detected at line 1
 []


Overfull \vbox (11.50807pt too high) detected at line 1
 []


Overfull \vbox (2.45999pt too high) detected at line 1
 []


Overfull \vbox (11.50807pt too high) detected at line 1
 []

\@cellbox1=\box411
\@cellbox2=\box412

Overfull \vbox (2.45999pt too high) detected at line 1
 []


Overfull \vbox (11.50807pt too high) detected at line 1
 []

)


Package fancyhdr Warning: \footskip is too small (14.22636pt): 
(fancyhdr)                Make it at least 17.0pt, for example:
(fancyhdr)                \setlength{\footskip}{17.0pt}.

[38] (./songs/severni-vitr.tex
Overfull \vbox (2.45999pt too high) detected at line 1
 []


Overfull \vbox (9.39609pt too high) detected at line 1
 []


Overfull \vbox (2.45999pt too high) detected at line 1
 []


Overfull \vbox (9.39609pt too high) detected at line 1
 []

\@cellbox1=\box417
\@cellbox2=\box418

Overfull \vbox (2.45999pt too high) detected at line 1
 []


Overfull \vbox (9.39609pt too high) detected at line 1
 []

)


Package fancyhdr Warning: \footskip is too small (14.22636pt): 
(fancyhdr)                Make it at least 17.0pt, for example:
(fancyhdr)                \setlength{\footskip}{17.0pt}.

[39] (./songs/rana-v-trave.tex
Overfull \vbox (2.45999pt too high) detected at line 1
 []


Overfull \vbox (10.95607pt too high) detected at line 1
 []


Overfull \vbox (2.45999pt too high) detected at line 1
 []


Overfull \vbox (10.95607pt too high) detected at line 1
 []

\@cellbox1=\box423
\@cellbox2=\box424

Overfull \vbox (2.45999pt too high) detected at line 1
 []


Overfull \vbox (10.95607pt too high) detected at line 1
 []

)


Package fancyhdr Warning: \footskip is too small (14.22636pt): 
(fancyhdr)                Make it at least 17.0pt, for example:
(fancyhdr)                \setlength{\footskip}{17.0pt}.

[40] (./songs/vysoky-jalovec.tex
Overfull \vbox (2.45999pt too high) detected at line 1
 []


Overfull \vbox (10.06808pt too high) detected at line 1
 []


Overfull \vbox (2.45999pt too high) detected at line 1
 []


Overfull \vbox (10.06808pt too high) detected at line 1
 []

\@cellbox1=\box429
\@cellbox2=\box430

Overfull \vbox (2.45999pt too high) detected at line 1
 []


Overfull \vbox (10.06808pt too high) detected at line 1
 []

)


Package fancyhdr Warning: \footskip is too small (14.22636pt): 
(fancyhdr)                Make it at least 17.0pt, for example:
(fancyhdr)                \setlength{\footskip}{17.0pt}.

[41] (./songs/ahasver.tex
Overfull \vbox (2.75998pt too high) detected at line 1
 []


Overfull \vbox (8.55608pt too high) detected at line 1
 []


Overfull \vbox (2.75998pt too high) detected at line 1
 []


Overfull \vbox (8.55608pt too high) detected at line 1
 []

\@cellbox1=\box435
\@cellbox2=\box436

Overfull \vbox (2.75998pt too high) detected at line 1
 []


Overfull \vbox (8.55608pt too high) detected at line 1
 []

Missing character: There is no ; ("3B) in font nullfont!
Missing character: There is no ; ("3B) in font nullfont!
Missing character: There is no ; ("3B) in font nullfont!
Missing character: There is no ; ("3B) in font nullfont!
LaTeX Font Info:    Font shape `TU/Spectral(0)/m/it' will be
(Font)              scaled to size 12.0pt on input line 90.
Missing character: There is no ; ("3B) in font nullfont!
Missing character: There is no ; ("3B) in font nullfont!
Missing character: There is no ; ("3B) in font nullfont!
)


Package fancyhdr Warning: \footskip is too small (14.22636pt): 
(fancyhdr)                Make it at least 17.0pt, for example:
(fancyhdr)                \setlength{\footskip}{17.0pt}.

[42] (./songs/mela-jsem-ja-pejska.tex
Overfull \vbox (2.45999pt too high) detected at line 1
 []


Overfull \vbox (9.61208pt too high) detected at line 1
 []


Overfull \vbox (2.45999pt too high) detected at line 1
 []


Overfull \vbox (9.61208pt too high) detected at line 1
 []

\@cellbox1=\box441
\@cellbox2=\box442

Overfull \vbox (2.45999pt too high) detected at line 1
 []


Overfull \vbox (9.61208pt too high) detected at line 1
 []

)


Package fancyhdr Warning: \footskip is too small (14.22636pt): 
(fancyhdr)                Make it at least 17.0pt, for example:
(fancyhdr)                \setlength{\footskip}{17.0pt}.

[43] (./songs/tri-citronky.tex
Overfull \vbox (2.45999pt too high) detected at line 1
 []


Overfull \vbox (10.06808pt too high) detected at line 1
 []


Overfull \vbox (2.45999pt too high) detected at line 1
 []


Overfull \vbox (10.06808pt too high) detected at line 1
 []

\@cellbox1=\box447
\@cellbox2=\box448

Overfull \vbox (2.45999pt too high) detected at line 1
 []


Overfull \vbox (10.06808pt too high) detected at line 1
 []

)


Package fancyhdr Warning: \footskip is too small (14.22636pt): 
(fancyhdr)                Make it at least 17.0pt, for example:
(fancyhdr)                \setlength{\footskip}{17.0pt}.

[44] (./songs/saro.tex
Overfull \vbox (2.45999pt too high) detected at line 1
 []


Overfull \vbox (9.61208pt too high) detected at line 1
 []


Overfull \vbox (2.45999pt too high) detected at line 1
 []


Overfull \vbox (9.61208pt too high) detected at line 1
 []

\@cellbox1=\box453
\@cellbox2=\box454

Overfull \vbox (2.45999pt too high) detected at line 1
 []


Overfull \vbox (9.61208pt too high) detected at line 1
 []




Package fancyhdr Warning: \footskip is too small (14.22636pt): 
(fancyhdr)                Make it at least 17.0pt, for example:
(fancyhdr)                \setlength{\footskip}{17.0pt}.

[45])


Package fancyhdr Warning: \footskip is too small (14.22636pt): 
(fancyhdr)                Make it at least 17.0pt, for example:
(fancyhdr)                \setlength{\footskip}{17.0pt}.

[46] (./songs/zatimco-se-koupes.tex
Overfull \vbox (2.45999pt too high) detected at line 1
 []


Overfull \vbox (9.39609pt too high) detected at line 1
 []


Overfull \vbox (2.45999pt too high) detected at line 1
 []


Overfull \vbox (9.39609pt too high) detected at line 1
 []

\@cellbox1=\box459
\@cellbox2=\box460

Overfull \vbox (2.45999pt too high) detected at line 1
 []


Overfull \vbox (9.39609pt too high) detected at line 1
 []

Missing character: There is no ; ("3B) in font nullfont!
Missing character: There is no ; ("3B) in font nullfont!
Missing character: There is no ; ("3B) in font nullfont!
Missing character: There is no ; ("3B) in font nullfont!
Missing character: There is no ; ("3B) in font nullfont!



Package fancyhdr Warning: \footskip is too small (14.22636pt): 
(fancyhdr)                Make it at least 17.0pt, for example:
(fancyhdr)                \setlength{\footskip}{17.0pt}.

[47])


Package fancyhdr Warning: \footskip is too small (14.22636pt): 
(fancyhdr)                Make it at least 17.0pt, for example:
(fancyhdr)                \setlength{\footskip}{17.0pt}.

[48] (./songs/velrybarska-vyprava.tex
Overfull \vbox (2.45999pt too high) detected at line 1
 []


Overfull \vbox (10.16408pt too high) detected at line 1
 []


Overfull \vbox (2.45999pt too high) detected at line 1
 []


Overfull \vbox (10.16408pt too high) detected at line 1
 []

\@cellbox1=\box465
\@cellbox2=\box466

Overfull \vbox (2.45999pt too high) detected at line 1
 []


Overfull \vbox (10.16408pt too high) detected at line 1
 []




Package fancyhdr Warning: \footskip is too small (14.22636pt): 
(fancyhdr)                Make it at least 17.0pt, for example:
(fancyhdr)                \setlength{\footskip}{17.0pt}.

[49])


Package fancyhdr Warning: \footskip is too small (14.22636pt): 
(fancyhdr)                Make it at least 17.0pt, for example:
(fancyhdr)                \setlength{\footskip}{17.0pt}.

[50] (./songs/montgomery.tex
Overfull \vbox (2.45999pt too high) detected at line 1
 []


Overfull \vbox (9.13208pt too high) detected at line 1
 []


Overfull \vbox (2.45999pt too high) detected at line 1
 []


Overfull \vbox (9.13208pt too high) detected at line 1
 []

\@cellbox1=\box471
\@cellbox2=\box472

Overfull \vbox (2.45999pt too high) detected at line 1
 []


Overfull \vbox (9.13208pt too high) detected at line 1
 []

Missing character: There is no ; ("3B) in font nullfont!
Missing character: There is no ; ("3B) in font nullfont!
Missing character: There is no ; ("3B) in font nullfont!



Package fancyhdr Warning: \footskip is too small (14.22636pt): 
(fancyhdr)                Make it at least 17.0pt, for example:
(fancyhdr)                \setlength{\footskip}{17.0pt}.

[51])


Package fancyhdr Warning: \footskip is too small (14.22636pt): 
(fancyhdr)                Make it at least 17.0pt, for example:
(fancyhdr)                \setlength{\footskip}{17.0pt}.

[52] (./songs/hejkal.tex
Overfull \vbox (2.45999pt too high) detected at line 1
 []


Overfull \vbox (9.51608pt too high) detected at line 1
 []


Overfull \vbox (2.45999pt too high) detected at line 1
 []


Overfull \vbox (9.51608pt too high) detected at line 1
 []

\@cellbox1=\box477
\@cellbox2=\box478

Overfull \vbox (2.45999pt too high) detected at line 1
 []


Overfull \vbox (9.51608pt too high) detected at line 1
 []




Package fancyhdr Warning: \footskip is too small (14.22636pt): 
(fancyhdr)                Make it at least 17.0pt, for example:
(fancyhdr)                \setlength{\footskip}{17.0pt}.

[53])


Package fancyhdr Warning: \footskip is too small (14.22636pt): 
(fancyhdr)                Make it at least 17.0pt, for example:
(fancyhdr)                \setlength{\footskip}{17.0pt}.

[54] (./songs/amazonka.tex
Overfull \vbox (2.75998pt too high) detected at line 1
 []


Overfull \vbox (8.26807pt too high) detected at line 1
 []


Overfull \vbox (2.75998pt too high) detected at line 1
 []


Overfull \vbox (8.26807pt too high) detected at line 1
 []

\@cellbox1=\box483
\@cellbox2=\box484

Overfull \vbox (2.75998pt too high) detected at line 1
 []


Overfull \vbox (8.26807pt too high) detected at line 1
 []

Missing character: There is no ; ("3B) in font nullfont!
Missing character: There is no ; ("3B) in font nullfont!
Missing character: There is no ; ("3B) in font nullfont!
Missing character: There is no ; ("3B) in font nullfont!



Package fancyhdr Warning: \footskip is too small (14.22636pt): 
(fancyhdr)                Make it at least 17.0pt, for example:
(fancyhdr)                \setlength{\footskip}{17.0pt}.

[55])


Package fancyhdr Warning: \footskip is too small (14.22636pt): 
(fancyhdr)                Make it at least 17.0pt, for example:
(fancyhdr)                \setlength{\footskip}{17.0pt}.

[56] (./songs/lokomotiva.tex
Overfull \vbox (9.51608pt too high) detected at line 1
 []


Overfull \vbox (9.51608pt too high) detected at line 1
 []

\@cellbox1=\box489
\@cellbox2=\box490

Overfull \vbox (9.51608pt too high) detected at line 1
 []




Package fancyhdr Warning: \footskip is too small (14.22636pt): 
(fancyhdr)                Make it at least 17.0pt, for example:
(fancyhdr)                \setlength{\footskip}{17.0pt}.

[57])


Package fancyhdr Warning: \footskip is too small (14.22636pt): 
(fancyhdr)                Make it at least 17.0pt, for example:
(fancyhdr)                \setlength{\footskip}{17.0pt}.

[58] (./songs/dej-mi-vic-sve-lasky.tex
Overfull \vbox (2.89198pt too high) detected at line 1
 []


Overfull \vbox (10.16408pt too high) detected at line 1
 []


Overfull \vbox (2.89198pt too high) detected at line 1
 []


Overfull \vbox (10.16408pt too high) detected at line 1
 []

\@cellbox1=\box495
\@cellbox2=\box496

Overfull \vbox (2.89198pt too high) detected at line 1
 []


Overfull \vbox (10.16408pt too high) detected at line 1
 []




Package fancyhdr Warning: \footskip is too small (14.22636pt): 
(fancyhdr)                Make it at least 17.0pt, for example:
(fancyhdr)                \setlength{\footskip}{17.0pt}.

[59])


Package fancyhdr Warning: \footskip is too small (14.22636pt): 
(fancyhdr)                Make it at least 17.0pt, for example:
(fancyhdr)                \setlength{\footskip}{17.0pt}.

[60] (./songs/jozin-z-bazin.tex
Overfull \vbox (2.45999pt too high) detected at line 1
 []


Overfull \vbox (9.51608pt too high) detected at line 1
 []


Overfull \vbox (2.45999pt too high) detected at line 1
 []


Overfull \vbox (9.51608pt too high) detected at line 1
 []

\@cellbox1=\box501
\@cellbox2=\box502

Overfull \vbox (2.45999pt too high) detected at line 1
 []


Overfull \vbox (9.51608pt too high) detected at line 1
 []




Package fancyhdr Warning: \footskip is too small (14.22636pt): 
(fancyhdr)                Make it at least 17.0pt, for example:
(fancyhdr)                \setlength{\footskip}{17.0pt}.

[61]
Missing character: There is no ; ("3B) in font nullfont!
Missing character: There is no ; ("3B) in font nullfont!
Missing character: There is no ; ("3B) in font nullfont!
Missing character: There is no ; ("3B) in font nullfont!
Missing character: There is no ; ("3B) in font nullfont!
)


Package fancyhdr Warning: \footskip is too small (14.22636pt): 
(fancyhdr)                Make it at least 17.0pt, for example:
(fancyhdr)                \setlength{\footskip}{17.0pt}.

[62] (./songs/tri-krize.tex
Overfull \vbox (2.75998pt too high) detected at line 1
 []


Overfull \vbox (8.55608pt too high) detected at line 1
 []


Overfull \vbox (2.75998pt too high) detected at line 1
 []


Overfull \vbox (8.55608pt too high) detected at line 1
 []

\@cellbox1=\box507
\@cellbox2=\box508

Overfull \vbox (2.75998pt too high) detected at line 1
 []


Overfull \vbox (8.55608pt too high) detected at line 1
 []




Package fancyhdr Warning: \footskip is too small (14.22636pt): 
(fancyhdr)                Make it at least 17.0pt, for example:
(fancyhdr)                \setlength{\footskip}{17.0pt}.

[63])


Package fancyhdr Warning: \footskip is too small (14.22636pt): 
(fancyhdr)                Make it at least 17.0pt, for example:
(fancyhdr)                \setlength{\footskip}{17.0pt}.

[64] (./songs/jacek.tex
Overfull \vbox (2.45999pt too high) detected at line 1
 []


Overfull \vbox (9.22807pt too high) detected at line 1
 []


Overfull \vbox (2.45999pt too high) detected at line 1
 []


Overfull \vbox (9.22807pt too high) detected at line 1
 []

\@cellbox1=\box513
\@cellbox2=\box514

Overfull \vbox (2.45999pt too high) detected at line 1
 []


Overfull \vbox (9.22807pt too high) detected at line 1
 []




Package fancyhdr Warning: \footskip is too small (14.22636pt): 
(fancyhdr)                Make it at least 17.0pt, for example:
(fancyhdr)                \setlength{\footskip}{17.0pt}.

[65])


Package fancyhdr Warning: \footskip is too small (14.22636pt): 
(fancyhdr)                Make it at least 17.0pt, for example:
(fancyhdr)                \setlength{\footskip}{17.0pt}.

[66] (./songs/traktor.tex
Overfull \vbox (2.45999pt too high) detected at line 1
 []


Overfull \vbox (9.22807pt too high) detected at line 1
 []


Overfull \vbox (2.45999pt too high) detected at line 1
 []


Overfull \vbox (9.22807pt too high) detected at line 1
 []

\@cellbox1=\box519
\@cellbox2=\box520

Overfull \vbox (2.45999pt too high) detected at line 1
 []


Overfull \vbox (9.22807pt too high) detected at line 1
 []

Missing character: There is no ; ("3B) in font nullfont!
Missing character: There is no ; ("3B) in font nullfont!
Missing character: There is no ; ("3B) in font nullfont!
Missing character: There is no ; ("3B) in font nullfont!



Package fancyhdr Warning: \footskip is too small (14.22636pt): 
(fancyhdr)                Make it at least 17.0pt, for example:
(fancyhdr)                \setlength{\footskip}{17.0pt}.

[67])


Package fancyhdr Warning: \footskip is too small (14.22636pt): 
(fancyhdr)                Make it at least 17.0pt, for example:
(fancyhdr)                \setlength{\footskip}{17.0pt}.

[68] (./songs/vodacka-holka.tex
Overfull \vbox (2.75998pt too high) detected at line 1
 []


Overfull \vbox (8.65207pt too high) detected at line 1
 []


Overfull \vbox (2.75998pt too high) detected at line 1
 []


Overfull \vbox (8.65207pt too high) detected at line 1
 []

\@cellbox1=\box525
\@cellbox2=\box526

Overfull \vbox (2.75998pt too high) detected at line 1
 []


Overfull \vbox (8.65207pt too high) detected at line 1
 []




Package fancyhdr Warning: \footskip is too small (14.22636pt): 
(fancyhdr)                Make it at least 17.0pt, for example:
(fancyhdr)                \setlength{\footskip}{17.0pt}.

[69])


Package fancyhdr Warning: \footskip is too small (14.22636pt): 
(fancyhdr)                Make it at least 17.0pt, for example:
(fancyhdr)                \setlength{\footskip}{17.0pt}.

[70] (./songs/kdyz-me-brali-za-vojaka.tex
Overfull \vbox (2.45999pt too high) detected at line 1
 []


Overfull \vbox (10.16408pt too high) detected at line 1
 []


Overfull \vbox (2.45999pt too high) detected at line 1
 []


Overfull \vbox (10.16408pt too high) detected at line 1
 []

\@cellbox1=\box531
\@cellbox2=\box532

Overfull \vbox (2.45999pt too high) detected at line 1
 []


Overfull \vbox (10.16408pt too high) detected at line 1
 []




Package fancyhdr Warning: \footskip is too small (14.22636pt): 
(fancyhdr)                Make it at least 17.0pt, for example:
(fancyhdr)                \setlength{\footskip}{17.0pt}.

[71])


Package fancyhdr Warning: \footskip is too small (14.22636pt): 
(fancyhdr)                Make it at least 17.0pt, for example:
(fancyhdr)                \setlength{\footskip}{17.0pt}.

[72] (./songs/tesinska.tex
Overfull \vbox (2.45999pt too high) detected at line 1
 []


Overfull \vbox (9.61208pt too high) detected at line 1
 []


Overfull \vbox (2.45999pt too high) detected at line 1
 []


Overfull \vbox (9.61208pt too high) detected at line 1
 []

\@cellbox1=\box537
\@cellbox2=\box538

Overfull \vbox (2.45999pt too high) detected at line 1
 []


Overfull \vbox (9.61208pt too high) detected at line 1
 []




Package fancyhdr Warning: \footskip is too small (14.22636pt): 
(fancyhdr)                Make it at least 17.0pt, for example:
(fancyhdr)                \setlength{\footskip}{17.0pt}.

[73])


Package fancyhdr Warning: \footskip is too small (14.22636pt): 
(fancyhdr)                Make it at least 17.0pt, for example:
(fancyhdr)                \setlength{\footskip}{17.0pt}.

[74] (./songs/znamka-punku.tex
Overfull \vbox (2.45999pt too high) detected at line 1
 []


Overfull \vbox (9.61208pt too high) detected at line 1
 []


Overfull \vbox (2.45999pt too high) detected at line 1
 []


Overfull \vbox (9.61208pt too high) detected at line 1
 []

\@cellbox1=\box543
\@cellbox2=\box544

Overfull \vbox (2.45999pt too high) detected at line 1
 []


Overfull \vbox (9.61208pt too high) detected at line 1
 []




Package fancyhdr Warning: \footskip is too small (14.22636pt): 
(fancyhdr)                Make it at least 17.0pt, for example:
(fancyhdr)                \setlength{\footskip}{17.0pt}.

[75])


Package fancyhdr Warning: \footskip is too small (14.22636pt): 
(fancyhdr)                Make it at least 17.0pt, for example:
(fancyhdr)                \setlength{\footskip}{17.0pt}.

[76] (./songs/vlastovky.tex
Overfull \vbox (2.45999pt too high) detected at line 1
 []


Overfull \vbox (9.78008pt too high) detected at line 1
 []


Overfull \vbox (2.45999pt too high) detected at line 1
 []


Overfull \vbox (9.78008pt too high) detected at line 1
 []

\@cellbox1=\box549
\@cellbox2=\box550

Overfull \vbox (2.45999pt too high) detected at line 1
 []


Overfull \vbox (9.78008pt too high) detected at line 1
 []




Package fancyhdr Warning: \footskip is too small (14.22636pt): 
(fancyhdr)                Make it at least 17.0pt, for example:
(fancyhdr)                \setlength{\footskip}{17.0pt}.

[77])


Package fancyhdr Warning: \footskip is too small (14.22636pt): 
(fancyhdr)                Make it at least 17.0pt, for example:
(fancyhdr)                \setlength{\footskip}{17.0pt}.

[78] (./songs/poveste-ho-vejs.tex
Overfull \vbox (2.89198pt too high) detected at line 1
 []


Overfull \vbox (9.51608pt too high) detected at line 1
 []


Overfull \vbox (2.89198pt too high) detected at line 1
 []


Overfull \vbox (9.51608pt too high) detected at line 1
 []

\@cellbox1=\box555
\@cellbox2=\box556

Overfull \vbox (2.89198pt too high) detected at line 1
 []


Overfull \vbox (9.51608pt too high) detected at line 1
 []




Package fancyhdr Warning: \footskip is too small (14.22636pt): 
(fancyhdr)                Make it at least 17.0pt, for example:
(fancyhdr)                \setlength{\footskip}{17.0pt}.

[79])


Package fancyhdr Warning: \footskip is too small (14.22636pt): 
(fancyhdr)                Make it at least 17.0pt, for example:
(fancyhdr)                \setlength{\footskip}{17.0pt}.

[80] (./songs/hlupaku-najdu-te.tex
Overfull \vbox (2.45999pt too high) detected at line 1
 []


Overfull \vbox (9.61208pt too high) detected at line 1
 []


Overfull \vbox (2.45999pt too high) detected at line 1
 []


Overfull \vbox (9.61208pt too high) detected at line 1
 []

\@cellbox1=\box561
\@cellbox2=\box562

Overfull \vbox (2.45999pt too high) detected at line 1
 []


Overfull \vbox (9.61208pt too high) detected at line 1
 []




Package fancyhdr Warning: \footskip is too small (14.22636pt): 
(fancyhdr)                Make it at least 17.0pt, for example:
(fancyhdr)                \setlength{\footskip}{17.0pt}.

[81])


Package fancyhdr Warning: \footskip is too small (14.22636pt): 
(fancyhdr)                Make it at least 17.0pt, for example:
(fancyhdr)                \setlength{\footskip}{17.0pt}.

[82] (./songs/lou-z-lille.tex
Overfull \vbox (2.45999pt too high) detected at line 1
 []


Overfull \vbox (9.51608pt too high) detected at line 1
 []


Overfull \vbox (2.45999pt too high) detected at line 1
 []


Overfull \vbox (9.51608pt too high) detected at line 1
 []

\@cellbox1=\box567
\@cellbox2=\box568

Overfull \vbox (2.45999pt too high) detected at line 1
 []


Overfull \vbox (9.51608pt too high) detected at line 1
 []




Package fancyhdr Warning: \footskip is too small (14.22636pt): 
(fancyhdr)                Make it at least 17.0pt, for example:
(fancyhdr)                \setlength{\footskip}{17.0pt}.

[83]
Missing character: There is no ; ("3B) in font nullfont!
Missing character: There is no ; ("3B) in font nullfont!
Missing character: There is no ; ("3B) in font nullfont!
Missing character: There is no ; ("3B) in font nullfont!
Missing character: There is no ; ("3B) in font nullfont!
Missing character: There is no ; ("3B) in font nullfont!
Missing character: There is no ; ("3B) in font nullfont!
)


Package fancyhdr Warning: \footskip is too small (14.22636pt): 
(fancyhdr)                Make it at least 17.0pt, for example:
(fancyhdr)                \setlength{\footskip}{17.0pt}.

[84] (./songs/lovci-lebek.tex
Overfull \vbox (2.45999pt too high) detected at line 1
 []


Overfull \vbox (9.51608pt too high) detected at line 1
 []


Overfull \vbox (2.45999pt too high) detected at line 1
 []


Overfull \vbox (9.51608pt too high) detected at line 1
 []

\@cellbox1=\box573
\@cellbox2=\box574

Overfull \vbox (2.45999pt too high) detected at line 1
 []


Overfull \vbox (9.51608pt too high) detected at line 1
 []




Package fancyhdr Warning: \footskip is too small (14.22636pt): 
(fancyhdr)                Make it at least 17.0pt, for example:
(fancyhdr)                \setlength{\footskip}{17.0pt}.

[85]
Missing character: There is no ; ("3B) in font nullfont!
Missing character: There is no ; ("3B) in font nullfont!
Missing character: There is no ; ("3B) in font nullfont!
Missing character: There is no ; ("3B) in font nullfont!
)


Package fancyhdr Warning: \footskip is too small (14.22636pt): 
(fancyhdr)                Make it at least 17.0pt, for example:
(fancyhdr)                \setlength{\footskip}{17.0pt}.

[86] (./songs/valecna.tex
Overfull \vbox (2.45999pt too high) detected at line 1
 []


Overfull \vbox (9.61208pt too high) detected at line 1
 []


Overfull \vbox (2.45999pt too high) detected at line 1
 []


Overfull \vbox (9.61208pt too high) detected at line 1
 []

\@cellbox1=\box579
\@cellbox2=\box580

Overfull \vbox (2.45999pt too high) detected at line 1
 []


Overfull \vbox (9.61208pt too high) detected at line 1
 []

Missing character: There is no ; ("3B) in font nullfont!
Missing character: There is no ; ("3B) in font nullfont!
Missing character: There is no ; ("3B) in font nullfont!
Missing character: There is no ; ("3B) in font nullfont!
Missing character: There is no ; ("3B) in font nullfont!



Package fancyhdr Warning: \footskip is too small (14.22636pt): 
(fancyhdr)                Make it at least 17.0pt, for example:
(fancyhdr)                \setlength{\footskip}{17.0pt}.

[87])


Package fancyhdr Warning: \footskip is too small (14.22636pt): 
(fancyhdr)                Make it at least 17.0pt, for example:
(fancyhdr)                \setlength{\footskip}{17.0pt}.

[88] (./songs/morituri-te-salutant.tex
Overfull \vbox (2.89198pt too high) detected at line 1
 []


Overfull \vbox (9.51608pt too high) detected at line 1
 []


Overfull \vbox (2.89198pt too high) detected at line 1
 []


Overfull \vbox (9.51608pt too high) detected at line 1
 []

\@cellbox1=\box585
\@cellbox2=\box586

Overfull \vbox (2.89198pt too high) detected at line 1
 []


Overfull \vbox (9.51608pt too high) detected at line 1
 []




Package fancyhdr Warning: \footskip is too small (14.22636pt): 
(fancyhdr)                Make it at least 17.0pt, for example:
(fancyhdr)                \setlength{\footskip}{17.0pt}.

[89])


Package fancyhdr Warning: \footskip is too small (14.22636pt): 
(fancyhdr)                Make it at least 17.0pt, for example:
(fancyhdr)                \setlength{\footskip}{17.0pt}.

[90] (./songs/promeny.tex
Overfull \vbox (2.45999pt too high) detected at line 1
 []


Overfull \vbox (10.86008pt too high) detected at line 1
 []


Overfull \vbox (2.45999pt too high) detected at line 1
 []


Overfull \vbox (10.86008pt too high) detected at line 1
 []

\@cellbox1=\box591
\@cellbox2=\box592

Overfull \vbox (2.45999pt too high) detected at line 1
 []


Overfull \vbox (10.86008pt too high) detected at line 1
 []




Package fancyhdr Warning: \footskip is too small (14.22636pt): 
(fancyhdr)                Make it at least 17.0pt, for example:
(fancyhdr)                \setlength{\footskip}{17.0pt}.

[91])


Package fancyhdr Warning: \footskip is too small (14.22636pt): 
(fancyhdr)                Make it at least 17.0pt, for example:
(fancyhdr)                \setlength{\footskip}{17.0pt}.

[92] (./songs/let-it-be.tex
Overfull \vbox (2.45999pt too high) detected at line 1
 []


Overfull \vbox (8.58008pt too high) detected at line 1
 []


Overfull \vbox (2.45999pt too high) detected at line 1
 []


Overfull \vbox (8.58008pt too high) detected at line 1
 []

\@cellbox1=\box597
\@cellbox2=\box598

Overfull \vbox (2.45999pt too high) detected at line 1
 []


Overfull \vbox (8.58008pt too high) detected at line 1
 []




Package fancyhdr Warning: \footskip is too small (14.22636pt): 
(fancyhdr)                Make it at least 17.0pt, for example:
(fancyhdr)                \setlength{\footskip}{17.0pt}.

[93])


Package fancyhdr Warning: \footskip is too small (14.22636pt): 
(fancyhdr)                Make it at least 17.0pt, for example:
(fancyhdr)                \setlength{\footskip}{17.0pt}.

[94] (./songs/vitr-to-vi-blowin-in-the-wind.tex
Overfull \vbox (2.45999pt too high) detected at line 1
 []


Overfull \vbox (9.39609pt too high) detected at line 1
 []


Overfull \vbox (2.45999pt too high) detected at line 1
 []


Overfull \vbox (9.39609pt too high) detected at line 1
 []

\@cellbox1=\box603
\@cellbox2=\box604

Overfull \vbox (2.45999pt too high) detected at line 1
 []


Overfull \vbox (9.39609pt too high) detected at line 1
 []




Package fancyhdr Warning: \footskip is too small (14.22636pt): 
(fancyhdr)                Make it at least 17.0pt, for example:
(fancyhdr)                \setlength{\footskip}{17.0pt}.

[95])


Package fancyhdr Warning: \footskip is too small (14.22636pt): 
(fancyhdr)                Make it at least 17.0pt, for example:
(fancyhdr)                \setlength{\footskip}{17.0pt}.

[96] (./songs/na-sirem-mori.tex
Overfull \vbox (2.45999pt too high) detected at line 1
 []


Overfull \vbox (9.51608pt too high) detected at line 1
 []


Overfull \vbox (2.45999pt too high) detected at line 1
 []


Overfull \vbox (9.51608pt too high) detected at line 1
 []

\@cellbox1=\box609
\@cellbox2=\box610

Overfull \vbox (2.45999pt too high) detected at line 1
 []


Overfull \vbox (9.51608pt too high) detected at line 1
 []

Missing character: There is no ; ("3B) in font nullfont!
Missing character: There is no ; ("3B) in font nullfont!
Missing character: There is no ; ("3B) in font nullfont!



Package fancyhdr Warning: \footskip is too small (14.22636pt): 
(fancyhdr)                Make it at least 17.0pt, for example:
(fancyhdr)                \setlength{\footskip}{17.0pt}.

[97])


Package fancyhdr Warning: \footskip is too small (14.22636pt): 
(fancyhdr)                Make it at least 17.0pt, for example:
(fancyhdr)                \setlength{\footskip}{17.0pt}.

[98] (./songs/podvod.tex
Overfull \vbox (2.45999pt too high) detected at line 1
 []


Overfull \vbox (9.22807pt too high) detected at line 1
 []


Overfull \vbox (2.45999pt too high) detected at line 1
 []


Overfull \vbox (9.22807pt too high) detected at line 1
 []

\@cellbox1=\box615
\@cellbox2=\box616

Overfull \vbox (2.45999pt too high) detected at line 1
 []


Overfull \vbox (9.22807pt too high) detected at line 1
 []




Package fancyhdr Warning: \footskip is too small (14.22636pt): 
(fancyhdr)                Make it at least 17.0pt, for example:
(fancyhdr)                \setlength{\footskip}{17.0pt}.

[99])


Package fancyhdr Warning: \footskip is too small (14.22636pt): 
(fancyhdr)                Make it at least 17.0pt, for example:
(fancyhdr)                \setlength{\footskip}{17.0pt}.

[100] (./songs/indiani-ve-meste.tex
Overfull \vbox (2.45999pt too high) detected at line 1
 []


Overfull \vbox (9.61208pt too high) detected at line 1
 []


Overfull \vbox (2.45999pt too high) detected at line 1
 []


Overfull \vbox (9.61208pt too high) detected at line 1
 []

\@cellbox1=\box621
\@cellbox2=\box622

Overfull \vbox (2.45999pt too high) detected at line 1
 []


Overfull \vbox (9.61208pt too high) detected at line 1
 []




Package fancyhdr Warning: \footskip is too small (14.22636pt): 
(fancyhdr)                Make it at least 17.0pt, for example:
(fancyhdr)                \setlength{\footskip}{17.0pt}.

[101]
Missing character: There is no ; ("3B) in font nullfont!
Missing character: There is no ; ("3B) in font nullfont!
Missing character: There is no ; ("3B) in font nullfont!
)


Package fancyhdr Warning: \footskip is too small (14.22636pt): 
(fancyhdr)                Make it at least 17.0pt, for example:
(fancyhdr)                \setlength{\footskip}{17.0pt}.

[102] (./songs/zkouska-dospelosti.tex
Overfull \vbox (2.40797pt too high) detected at line 1
 []


Overfull \vbox (10.00009pt too high) detected at line 1
 []


Overfull \vbox (2.40797pt too high) detected at line 1
 []


Overfull \vbox (10.00009pt too high) detected at line 1
 []


Overfull \hbox (11.30534pt too wide) in paragraph at lines 1--1
[]|[] 
 []

\@cellbox1=\box627
\@cellbox2=\box628

Overfull \vbox (2.40797pt too high) detected at line 1
 []


Overfull \vbox (10.00009pt too high) detected at line 1
 []




Package fancyhdr Warning: \footskip is too small (14.22636pt): 
(fancyhdr)                Make it at least 17.0pt, for example:
(fancyhdr)                \setlength{\footskip}{17.0pt}.

[103])


Package fancyhdr Warning: \footskip is too small (14.22636pt): 
(fancyhdr)                Make it at least 17.0pt, for example:
(fancyhdr)                \setlength{\footskip}{17.0pt}.

[104] (./songs/styskani.tex
Overfull \vbox (2.45999pt too high) detected at line 1
 []


Overfull \vbox (10.16408pt too high) detected at line 1
 []


Overfull \vbox (2.45999pt too high) detected at line 1
 []


Overfull \vbox (10.16408pt too high) detected at line 1
 []

\@cellbox1=\box633
\@cellbox2=\box634

Overfull \vbox (2.45999pt too high) detected at line 1
 []


Overfull \vbox (10.16408pt too high) detected at line 1
 []




Package fancyhdr Warning: \footskip is too small (14.22636pt): 
(fancyhdr)                Make it at least 17.0pt, for example:
(fancyhdr)                \setlength{\footskip}{17.0pt}.

[105])


Package fancyhdr Warning: \footskip is too small (14.22636pt): 
(fancyhdr)                Make it at least 17.0pt, for example:
(fancyhdr)                \setlength{\footskip}{17.0pt}.

[106] (./songs/mam-jizvu-na-rtu.tex
Overfull \vbox (2.45999pt too high) detected at line 1
 []


Overfull \vbox (9.61208pt too high) detected at line 1
 []


Overfull \vbox (2.45999pt too high) detected at line 1
 []


Overfull \vbox (9.61208pt too high) detected at line 1
 []

\@cellbox1=\box639
\@cellbox2=\box640

Overfull \vbox (2.45999pt too high) detected at line 1
 []


Overfull \vbox (9.61208pt too high) detected at line 1
 []




Package fancyhdr Warning: \footskip is too small (14.22636pt): 
(fancyhdr)                Make it at least 17.0pt, for example:
(fancyhdr)                \setlength{\footskip}{17.0pt}.

[107]
Underfull \hbox (badness 10000) in paragraph at lines 62--62

 []

)


Package fancyhdr Warning: \footskip is too small (14.22636pt): 
(fancyhdr)                Make it at least 17.0pt, for example:
(fancyhdr)                \setlength{\footskip}{17.0pt}.

[108] (./songs/rekni-kde-ty-kytky-jsou.tex
Overfull \vbox (2.45999pt too high) detected at line 1
 []


Overfull \vbox (14.28008pt too high) detected at line 1
 []


Overfull \vbox (2.45999pt too high) detected at line 1
 []


Overfull \vbox (14.28008pt too high) detected at line 1
 []

\@cellbox1=\box645
\@cellbox2=\box646

Overfull \vbox (2.45999pt too high) detected at line 1
 []


Overfull \vbox (14.28008pt too high) detected at line 1
 []




Package fancyhdr Warning: \footskip is too small (14.22636pt): 
(fancyhdr)                Make it at least 17.0pt, for example:
(fancyhdr)                \setlength{\footskip}{17.0pt}.

[109])


Package fancyhdr Warning: \footskip is too small (14.22636pt): 
(fancyhdr)                Make it at least 17.0pt, for example:
(fancyhdr)                \setlength{\footskip}{17.0pt}.

[110] (./songs/hudsonske-sify.tex
Overfull \vbox (2.45999pt too high) detected at line 1
 []


Overfull \vbox (10.06808pt too high) detected at line 1
 []


Overfull \vbox (2.45999pt too high) detected at line 1
 []


Overfull \vbox (10.06808pt too high) detected at line 1
 []

\@cellbox1=\box651
\@cellbox2=\box652

Overfull \vbox (2.45999pt too high) detected at line 1
 []


Overfull \vbox (10.06808pt too high) detected at line 1
 []




Package fancyhdr Warning: \footskip is too small (14.22636pt): 
(fancyhdr)                Make it at least 17.0pt, for example:
(fancyhdr)                \setlength{\footskip}{17.0pt}.

[111])


Package fancyhdr Warning: \footskip is too small (14.22636pt): 
(fancyhdr)                Make it at least 17.0pt, for example:
(fancyhdr)                \setlength{\footskip}{17.0pt}.

[112] (./songs/ruze-z-texasu.tex
Overfull \vbox (2.45999pt too high) detected at line 1
 []


Overfull \vbox (9.27608pt too high) detected at line 1
 []


Overfull \vbox (2.45999pt too high) detected at line 1
 []


Overfull \vbox (9.27608pt too high) detected at line 1
 []

\@cellbox1=\box657
\@cellbox2=\box658

Overfull \vbox (2.45999pt too high) detected at line 1
 []


Overfull \vbox (9.27608pt too high) detected at line 1
 []


Overfull \hbox (2.50397pt too wide) in paragraph at lines 57--57
\TU/Spectral(0)/m/n/14.4 znám [] hezkejch [] k světu, ale [] hraje [] 
 []




Package fancyhdr Warning: \footskip is too small (14.22636pt): 
(fancyhdr)                Make it at least 17.0pt, for example:
(fancyhdr)                \setlength{\footskip}{17.0pt}.

[113]
Missing character: There is no ; ("3B) in font nullfont!
Missing character: There is no ; ("3B) in font nullfont!
Missing character: There is no ; ("3B) in font nullfont!
)


Package fancyhdr Warning: \footskip is too small (14.22636pt): 
(fancyhdr)                Make it at least 17.0pt, for example:
(fancyhdr)                \setlength{\footskip}{17.0pt}.

[114] (./songs/uz-to-nenapravim.tex
Overfull \vbox (2.45999pt too high) detected at line 1
 []


Overfull \vbox (9.39609pt too high) detected at line 1
 []


Overfull \vbox (2.45999pt too high) detected at line 1
 []


Overfull \vbox (9.39609pt too high) detected at line 1
 []

\@cellbox1=\box663
\@cellbox2=\box664

Overfull \vbox (2.45999pt too high) detected at line 1
 []


Overfull \vbox (9.39609pt too high) detected at line 1
 []




Package fancyhdr Warning: \footskip is too small (14.22636pt): 
(fancyhdr)                Make it at least 17.0pt, for example:
(fancyhdr)                \setlength{\footskip}{17.0pt}.

[115])


Package fancyhdr Warning: \footskip is too small (14.22636pt): 
(fancyhdr)                Make it at least 17.0pt, for example:
(fancyhdr)                \setlength{\footskip}{17.0pt}.

[116] (./songs/darmodej.tex
Overfull \vbox (2.45999pt too high) detected at line 1
 []


Overfull \vbox (9.51608pt too high) detected at line 1
 []


Overfull \vbox (2.45999pt too high) detected at line 1
 []


Overfull \vbox (9.51608pt too high) detected at line 1
 []

\@cellbox1=\box669
\@cellbox2=\box670

Overfull \vbox (2.45999pt too high) detected at line 1
 []


Overfull \vbox (9.51608pt too high) detected at line 1
 []




Package fancyhdr Warning: \footskip is too small (14.22636pt): 
(fancyhdr)                Make it at least 17.0pt, for example:
(fancyhdr)                \setlength{\footskip}{17.0pt}.

[117])


Package fancyhdr Warning: \footskip is too small (14.22636pt): 
(fancyhdr)                Make it at least 17.0pt, for example:
(fancyhdr)                \setlength{\footskip}{17.0pt}.

[118] (./songs/kometa.tex
Overfull \vbox (2.45999pt too high) detected at line 1
 []


Overfull \vbox (8.65208pt too high) detected at line 1
 []


Overfull \vbox (2.45999pt too high) detected at line 1
 []


Overfull \vbox (8.65208pt too high) detected at line 1
 []

\@cellbox1=\box675
\@cellbox2=\box676

Overfull \vbox (2.45999pt too high) detected at line 1
 []


Overfull \vbox (8.65208pt too high) detected at line 1
 []




Package fancyhdr Warning: \footskip is too small (14.22636pt): 
(fancyhdr)                Make it at least 17.0pt, for example:
(fancyhdr)                \setlength{\footskip}{17.0pt}.

[119])


Package fancyhdr Warning: \footskip is too small (14.22636pt): 
(fancyhdr)                Make it at least 17.0pt, for example:
(fancyhdr)                \setlength{\footskip}{17.0pt}.

[120] (./songs/blativa-cesta.tex
Overfull \vbox (2.45999pt too high) detected at line 1
 []


Overfull \vbox (9.61208pt too high) detected at line 1
 []


Overfull \vbox (2.45999pt too high) detected at line 1
 []


Overfull \vbox (9.61208pt too high) detected at line 1
 []

\@cellbox1=\box681
\@cellbox2=\box682

Overfull \vbox (2.45999pt too high) detected at line 1
 []


Overfull \vbox (9.61208pt too high) detected at line 1
 []




Package fancyhdr Warning: \footskip is too small (14.22636pt): 
(fancyhdr)                Make it at least 17.0pt, for example:
(fancyhdr)                \setlength{\footskip}{17.0pt}.

[121])


Package fancyhdr Warning: \footskip is too small (14.22636pt): 
(fancyhdr)                Make it at least 17.0pt, for example:
(fancyhdr)                \setlength{\footskip}{17.0pt}.

[122] (./songs/lilie-skautska.tex
Overfull \vbox (2.45999pt too high) detected at line 1
 []


Overfull \vbox (9.02408pt too high) detected at line 1
 []


Overfull \vbox (2.45999pt too high) detected at line 1
 []


Overfull \vbox (9.02408pt too high) detected at line 1
 []

\@cellbox1=\box687
\@cellbox2=\box688

Overfull \vbox (2.45999pt too high) detected at line 1
 []


Overfull \vbox (9.02408pt too high) detected at line 1
 []




Package fancyhdr Warning: \footskip is too small (14.22636pt): 
(fancyhdr)                Make it at least 17.0pt, for example:
(fancyhdr)                \setlength{\footskip}{17.0pt}.

[123])


Package fancyhdr Warning: \footskip is too small (14.22636pt): 
(fancyhdr)                Make it at least 17.0pt, for example:
(fancyhdr)                \setlength{\footskip}{17.0pt}.

[124] (./songs/omnia-vincit-amor.tex
Overfull \vbox (2.45999pt too high) detected at line 1
 []


Overfull \vbox (9.51608pt too high) detected at line 1
 []


Overfull \vbox (2.45999pt too high) detected at line 1
 []


Overfull \vbox (9.51608pt too high) detected at line 1
 []

\@cellbox1=\box693
\@cellbox2=\box694

Overfull \vbox (2.45999pt too high) detected at line 1
 []


Overfull \vbox (9.51608pt too high) detected at line 1
 []




Package fancyhdr Warning: \footskip is too small (14.22636pt): 
(fancyhdr)                Make it at least 17.0pt, for example:
(fancyhdr)                \setlength{\footskip}{17.0pt}.

[125])


Package fancyhdr Warning: \footskip is too small (14.22636pt): 
(fancyhdr)                Make it at least 17.0pt, for example:
(fancyhdr)                \setlength{\footskip}{17.0pt}.

[126] (./songs/zitra-rano-v-pet.tex
Overfull \vbox (2.45999pt too high) detected at line 1
 []


Overfull \vbox (9.61208pt too high) detected at line 1
 []


Overfull \vbox (2.45999pt too high) detected at line 1
 []


Overfull \vbox (9.61208pt too high) detected at line 1
 []

\@cellbox1=\box699
\@cellbox2=\box700

Overfull \vbox (2.45999pt too high) detected at line 1
 []


Overfull \vbox (9.61208pt too high) detected at line 1
 []




Package fancyhdr Warning: \footskip is too small (14.22636pt): 
(fancyhdr)                Make it at least 17.0pt, for example:
(fancyhdr)                \setlength{\footskip}{17.0pt}.

[127])


Package fancyhdr Warning: \footskip is too small (14.22636pt): 
(fancyhdr)                Make it at least 17.0pt, for example:
(fancyhdr)                \setlength{\footskip}{17.0pt}.

[128] (./songs/lasko.tex
Overfull \vbox (2.89198pt too high) detected at line 1
 []


Overfull \vbox (9.61208pt too high) detected at line 1
 []


Overfull \vbox (2.89198pt too high) detected at line 1
 []


Overfull \vbox (9.61208pt too high) detected at line 1
 []

\@cellbox1=\box705
\@cellbox2=\box706

Overfull \vbox (2.89198pt too high) detected at line 1
 []


Overfull \vbox (9.61208pt too high) detected at line 1
 []

Missing character: There is no ; ("3B) in font nullfont!
Missing character: There is no ; ("3B) in font nullfont!
Missing character: There is no ; ("3B) in font nullfont!
Missing character: There is no ; ("3B) in font nullfont!
Missing character: There is no ; ("3B) in font nullfont!
Missing character: There is no ; ("3B) in font nullfont!
Missing character: There is no ; ("3B) in font nullfont!



Package fancyhdr Warning: \footskip is too small (14.22636pt): 
(fancyhdr)                Make it at least 17.0pt, for example:
(fancyhdr)                \setlength{\footskip}{17.0pt}.

[129])


Package fancyhdr Warning: \footskip is too small (14.22636pt): 
(fancyhdr)                Make it at least 17.0pt, for example:
(fancyhdr)                \setlength{\footskip}{17.0pt}.

[130] (./songs/bedna-od-whisky.tex
Overfull \vbox (2.89198pt too high) detected at line 1
 []


Overfull \vbox (10.06808pt too high) detected at line 1
 []


Overfull \vbox (2.89198pt too high) detected at line 1
 []


Overfull \vbox (10.06808pt too high) detected at line 1
 []

\@cellbox1=\box711
\@cellbox2=\box712

Overfull \vbox (2.89198pt too high) detected at line 1
 []


Overfull \vbox (10.06808pt too high) detected at line 1
 []




Package fancyhdr Warning: \footskip is too small (14.22636pt): 
(fancyhdr)                Make it at least 17.0pt, for example:
(fancyhdr)                \setlength{\footskip}{17.0pt}.

[131])


Package fancyhdr Warning: \footskip is too small (14.22636pt): 
(fancyhdr)                Make it at least 17.0pt, for example:
(fancyhdr)                \setlength{\footskip}{17.0pt}.

[132] (./songs/jdou-po-mne-jdou.tex
Overfull \vbox (2.45999pt too high) detected at line 1
 []


Overfull \vbox (9.51608pt too high) detected at line 1
 []


Overfull \vbox (2.45999pt too high) detected at line 1
 []


Overfull \vbox (9.51608pt too high) detected at line 1
 []

\@cellbox1=\box717
\@cellbox2=\box718

Overfull \vbox (2.45999pt too high) detected at line 1
 []


Overfull \vbox (9.51608pt too high) detected at line 1
 []




Package fancyhdr Warning: \footskip is too small (14.22636pt): 
(fancyhdr)                Make it at least 17.0pt, for example:
(fancyhdr)                \setlength{\footskip}{17.0pt}.

[133])


Package fancyhdr Warning: \footskip is too small (14.22636pt): 
(fancyhdr)                Make it at least 17.0pt, for example:
(fancyhdr)                \setlength{\footskip}{17.0pt}.

[134] (./songs/o-malem-rytiri.tex
Overfull \vbox (2.45999pt too high) detected at line 1
 []


Overfull \vbox (10.06808pt too high) detected at line 1
 []


Overfull \vbox (2.45999pt too high) detected at line 1
 []


Overfull \vbox (10.06808pt too high) detected at line 1
 []

\@cellbox1=\box723
\@cellbox2=\box724

Overfull \vbox (2.45999pt too high) detected at line 1
 []


Overfull \vbox (10.06808pt too high) detected at line 1
 []




Package fancyhdr Warning: \footskip is too small (14.22636pt): 
(fancyhdr)                Make it at least 17.0pt, for example:
(fancyhdr)                \setlength{\footskip}{17.0pt}.

[135])


Package fancyhdr Warning: \footskip is too small (14.22636pt): 
(fancyhdr)                Make it at least 17.0pt, for example:
(fancyhdr)                \setlength{\footskip}{17.0pt}.

[136] (./songs/cernej-pasazer.tex
Overfull \vbox (2.45999pt too high) detected at line 1
 []


Overfull \vbox (14.24408pt too high) detected at line 1
 []


Overfull \vbox (2.45999pt too high) detected at line 1
 []


Overfull \vbox (14.24408pt too high) detected at line 1
 []

\@cellbox1=\box729
\@cellbox2=\box730

Overfull \vbox (2.45999pt too high) detected at line 1
 []


Overfull \vbox (14.24408pt too high) detected at line 1
 []




Package fancyhdr Warning: \footskip is too small (14.22636pt): 
(fancyhdr)                Make it at least 17.0pt, for example:
(fancyhdr)                \setlength{\footskip}{17.0pt}.

[137])


Package fancyhdr Warning: \footskip is too small (14.22636pt): 
(fancyhdr)                Make it at least 17.0pt, for example:
(fancyhdr)                \setlength{\footskip}{17.0pt}.

[138] (./songs/magdalena.tex
Overfull \vbox (2.45999pt too high) detected at line 1
 []


Overfull \vbox (9.51608pt too high) detected at line 1
 []


Overfull \vbox (2.45999pt too high) detected at line 1
 []


Overfull \vbox (9.51608pt too high) detected at line 1
 []

\@cellbox1=\box735
\@cellbox2=\box736

Overfull \vbox (2.45999pt too high) detected at line 1
 []


Overfull \vbox (9.51608pt too high) detected at line 1
 []




Package fancyhdr Warning: \footskip is too small (14.22636pt): 
(fancyhdr)                Make it at least 17.0pt, for example:
(fancyhdr)                \setlength{\footskip}{17.0pt}.

[139])


Package fancyhdr Warning: \footskip is too small (14.22636pt): 
(fancyhdr)                Make it at least 17.0pt, for example:
(fancyhdr)                \setlength{\footskip}{17.0pt}.

[140] (./songs/dva.tex
Overfull \vbox (2.45999pt too high) detected at line 1
 []


Overfull \vbox (8.06407pt too high) detected at line 1
 []


Overfull \vbox (2.45999pt too high) detected at line 1
 []


Overfull \vbox (8.06407pt too high) detected at line 1
 []

\@cellbox1=\box741
\@cellbox2=\box742

Overfull \vbox (2.45999pt too high) detected at line 1
 []


Overfull \vbox (8.06407pt too high) detected at line 1
 []

Missing character: There is no ; ("3B) in font nullfont!
Missing character: There is no ; ("3B) in font nullfont!
Missing character: There is no ; ("3B) in font nullfont!
Missing character: There is no ; ("3B) in font nullfont!



Package fancyhdr Warning: \footskip is too small (14.22636pt): 
(fancyhdr)                Make it at least 17.0pt, for example:
(fancyhdr)                \setlength{\footskip}{17.0pt}.

[141])


Package fancyhdr Warning: \footskip is too small (14.22636pt): 
(fancyhdr)                Make it at least 17.0pt, for example:
(fancyhdr)                \setlength{\footskip}{17.0pt}.

[142] (./songs/tri-cunici.tex
Overfull \vbox (2.45999pt too high) detected at line 1
 []


Overfull \vbox (14.24408pt too high) detected at line 1
 []


Overfull \vbox (2.45999pt too high) detected at line 1
 []


Overfull \vbox (14.24408pt too high) detected at line 1
 []

\@cellbox1=\box747
\@cellbox2=\box748

Overfull \vbox (2.45999pt too high) detected at line 1
 []


Overfull \vbox (14.24408pt too high) detected at line 1
 []




Package fancyhdr Warning: \footskip is too small (14.22636pt): 
(fancyhdr)                Make it at least 17.0pt, for example:
(fancyhdr)                \setlength{\footskip}{17.0pt}.

[143])


Package fancyhdr Warning: \footskip is too small (14.22636pt): 
(fancyhdr)                Make it at least 17.0pt, for example:
(fancyhdr)                \setlength{\footskip}{17.0pt}.

[144] (./songs/prazskej-demon.tex
Overfull \vbox (2.45999pt too high) detected at line 1
 []


Overfull \vbox (9.51608pt too high) detected at line 1
 []


Overfull \vbox (2.45999pt too high) detected at line 1
 []


Overfull \vbox (9.51608pt too high) detected at line 1
 []

\@cellbox1=\box753
\@cellbox2=\box754

Overfull \vbox (2.45999pt too high) detected at line 1
 []


Overfull \vbox (9.51608pt too high) detected at line 1
 []

Missing character: There is no ; ("3B) in font nullfont!
Missing character: There is no ; ("3B) in font nullfont!
Missing character: There is no ; ("3B) in font nullfont!
)


Package fancyhdr Warning: \footskip is too small (14.22636pt): 
(fancyhdr)                Make it at least 17.0pt, for example:
(fancyhdr)                \setlength{\footskip}{17.0pt}.

[145] (./songs/osud.tex
Overfull \vbox (2.45999pt too high) detected at line 1
 []


Overfull \vbox (9.22807pt too high) detected at line 1
 []


Overfull \vbox (2.45999pt too high) detected at line 1
 []


Overfull \vbox (9.22807pt too high) detected at line 1
 []

\@cellbox1=\box759
\@cellbox2=\box760

Overfull \vbox (2.45999pt too high) detected at line 1
 []


Overfull \vbox (9.22807pt too high) detected at line 1
 []




Package fancyhdr Warning: \footskip is too small (14.22636pt): 
(fancyhdr)                Make it at least 17.0pt, for example:
(fancyhdr)                \setlength{\footskip}{17.0pt}.

[146]


Package fancyhdr Warning: \footskip is too small (14.22636pt): 
(fancyhdr)                Make it at least 17.0pt, for example:
(fancyhdr)                \setlength{\footskip}{17.0pt}.

[147])


Package fancyhdr Warning: \footskip is too small (14.22636pt): 
(fancyhdr)                Make it at least 17.0pt, for example:
(fancyhdr)                \setlength{\footskip}{17.0pt}.

[148] (./songs/ceska-statni-hymna.tex
Overfull \vbox (2.75998pt too high) detected at line 1
 []


Overfull \vbox (16.14008pt too high) detected at line 1
 []


Overfull \vbox (2.75998pt too high) detected at line 1
 []


Overfull \vbox (16.14008pt too high) detected at line 1
 []

\@cellbox1=\box765
\@cellbox2=\box766

Overfull \vbox (2.75998pt too high) detected at line 1
 []


Overfull \vbox (16.14008pt too high) detected at line 1
 []

)


Package fancyhdr Warning: \footskip is too small (14.22636pt): 
(fancyhdr)                Make it at least 17.0pt, for example:
(fancyhdr)                \setlength{\footskip}{17.0pt}.

[149] (./songs/skautska-vecerka.tex
Overfull \vbox (2.75998pt too high) detected at line 1
 []


Overfull \vbox (9.61208pt too high) detected at line 1
 []


Overfull \vbox (2.75998pt too high) detected at line 1
 []


Overfull \vbox (9.61208pt too high) detected at line 1
 []

\@cellbox1=\box771
\@cellbox2=\box772

Overfull \vbox (2.75998pt too high) detected at line 1
 []


Overfull \vbox (9.61208pt too high) detected at line 1
 []

)


Package fancyhdr Warning: \footskip is too small (14.22636pt): 
(fancyhdr)                Make it at least 17.0pt, for example:
(fancyhdr)                \setlength{\footskip}{17.0pt}.

[150] (./songs/hvezdicky-dobrou-noc.tex
Overfull \vbox (5.35199pt too high) detected at line 1
 []


Overfull \vbox (5.35199pt too high) detected at line 1
 []

\@cellbox1=\box777
\@cellbox2=\box778

Overfull \vbox (5.35199pt too high) detected at line 1
 []

)


Package fancyhdr Warning: \footskip is too small (14.22636pt): 
(fancyhdr)                Make it at least 17.0pt, for example:
(fancyhdr)                \setlength{\footskip}{17.0pt}.

[151] (./songs/junacka-hymna.tex
Overfull \vbox (2.45999pt too high) detected at line 1
 []


Overfull \vbox (10.16408pt too high) detected at line 1
 []


Overfull \vbox (2.45999pt too high) detected at line 1
 []


Overfull \vbox (10.16408pt too high) detected at line 1
 []

\@cellbox1=\box783
\@cellbox2=\box784

Overfull \vbox (2.45999pt too high) detected at line 1
 []


Overfull \vbox (10.16408pt too high) detected at line 1
 []

) (./songs/ukolebavka.tex) (./songs/slunce-za-hory.tex
Overfull \vbox (5.35199pt too high) detected at line 1
 []


Overfull \vbox (5.35199pt too high) detected at line 1
 []

\@cellbox1=\box789
\@cellbox2=\box790

Overfull \vbox (5.35199pt too high) detected at line 1
 []




Package fancyhdr Warning: \footskip is too small (14.22636pt): 
(fancyhdr)                Make it at least 17.0pt, for example:
(fancyhdr)                \setlength{\footskip}{17.0pt}.

[152])


Package fancyhdr Warning: \footskip is too small (14.22636pt): 
(fancyhdr)                Make it at least 17.0pt, for example:
(fancyhdr)                \setlength{\footskip}{17.0pt}.

[153] (./songs/mravenci-ukolebavka.tex
Overfull \vbox (2.45999pt too high) detected at line 1
 []


Overfull \vbox (9.51608pt too high) detected at line 1
 []


Overfull \vbox (2.45999pt too high) detected at line 1
 []


Overfull \vbox (9.51608pt too high) detected at line 1
 []

\@cellbox1=\box795
\@cellbox2=\box796

Overfull \vbox (2.45999pt too high) detected at line 1
 []


Overfull \vbox (9.51608pt too high) detected at line 1
 []

)


Package fancyhdr Warning: \footskip is too small (14.22636pt): 
(fancyhdr)                Make it at least 17.0pt, for example:
(fancyhdr)                \setlength{\footskip}{17.0pt}.

[154] (./songs/blaznova-ukolebavka.tex
Overfull \vbox (4.79999pt too high) detected at line 1
 []


Overfull \vbox (4.79999pt too high) detected at line 1
 []

\@cellbox1=\box801
\@cellbox2=\box802

Overfull \vbox (4.79999pt too high) detected at line 1
 []

Missing character: There is no ; ("3B) in font nullfont!
Missing character: There is no ; ("3B) in font nullfont!
Missing character: There is no ; ("3B) in font nullfont!
Missing character: There is no ; ("3B) in font nullfont!
)


Package fancyhdr Warning: \footskip is too small (14.22636pt): 
(fancyhdr)                Make it at least 17.0pt, for example:
(fancyhdr)                \setlength{\footskip}{17.0pt}.

[155] (./songs/ho-ho-watanay.tex
Overfull \vbox (2.45999pt too high) detected at line 1
 []


Overfull \vbox (10.47607pt too high) detected at line 1
 []


Overfull \vbox (2.45999pt too high) detected at line 1
 []


Overfull \vbox (10.47607pt too high) detected at line 1
 []

\@cellbox1=\box807
\@cellbox2=\box808

Overfull \vbox (2.45999pt too high) detected at line 1
 []


Overfull \vbox (10.47607pt too high) detected at line 1
 []

Missing character: There is no ; ("3B) in font nullfont!
Missing character: There is no ; ("3B) in font nullfont!
Missing character: There is no ; ("3B) in font nullfont!
)


Package fancyhdr Warning: \footskip is too small (14.22636pt): 
(fancyhdr)                Make it at least 17.0pt, for example:
(fancyhdr)                \setlength{\footskip}{17.0pt}.

[156])
*geometry* verbose mode - [ newgeometry ] result:
* driver: xetex
* paper: a5paper
* layout: <same size as paper>
* layoutoffset:(h,v)=(0.0pt,0.0pt)
* modes: 
* h-part:(L,W,R)=(35.56593pt, 371.30849pt, 14.22636pt)
* v-part:(T,H,B)=(21.33955pt, 543.44783pt, 32.72049pt)
* \paperwidth=421.10078pt
* \paperheight=597.50787pt
* \textwidth=371.30849pt
* \textheight=543.44783pt
* \oddsidemargin=-36.70406pt
* \evensidemargin=-36.70406pt
* \topmargin=-50.93044pt
* \headheight=0.0pt
* \headsep=0.0pt
* \topskip=14.0pt
* \footskip=14.22636pt
* \marginparwidth=24.0pt
* \marginparsep=10.0pt
* \columnsep=10.0pt
* \skip\footins=12.0pt plus 4.0pt minus 2.0pt
* \hoffset=0.0pt
* \voffset=0.0pt
* \mag=1000
* \@twocolumnfalse
* \@twosidefalse
* \@mparswitchfalse
* \@reversemarginfalse
* (1in=72.27pt=25.4mm, 1cm=28.453pt)

runsystem(makeindex main.idx)...executed safely (allowed).

 (output/main.ind)
runsystem(makeindex songs.idx)...executed safely (allowed).

 (output/songs.ind [1

])
runsystem(makeindex lullaby.idx)...executed safely (allowed).

 (output/lullaby.ind)
runsystem(makeindex hymns.idx)...executed safely (allowed).


(output/hymns.ind)

[2] (output/main.aux)
 ***********
LaTeX2e <2024-11-01> patch level 2
L3 programming layer <2025-01-18>
 ***********


LaTeX Warning: There were multiply-defined labels.

Package rerunfilecheck Info: File `main.out' has not changed.
(rerunfilecheck)             Checksum: 3E9B9819319BD13CA8001E412DD77307;11786.
 ) 
Here is how much of TeX's memory you used:
 40665 strings out of 473832
 926423 string characters out of 5729480
 1523846 words of memory out of 5000000
 62709 multiletter control sequences out of 15000+600000
 568754 words of font info for 130 fonts, out of 8000000 for 9000
 1348 hyphenation exceptions out of 8191
 117i,22n,121p,1442b,1213s stack positions out of 10000i,1000n,20000p,200000b,200000s

Output written on output/main.xdv (161 pages, 2239508 bytes).
